Category	Mod	DevURL
XVM prebuilt configs	Default Config	=HYPERLINK("http://www.modxvm.com/en/","link")
XVM prebuilt configs	Willster419's Config v{version}	=HYPERLINK("https://github.com/Willster419/xvmConfig","link")
XVM prebuilt configs	Druids XVM Config	=HYPERLINK("http://forum.worldoftanks.com/index.php?/topic/390563-","link")
XVM prebuilt configs	J1mB0's XVM Config	=HYPERLINK("http://forum.worldoftanks.eu/index.php?/topic/56831-","link")
XVM prebuilt configs	Bones's XVM Config v{version}	=HYPERLINK("http://forum.worldoftanks.com/index.php?/topic/316189-","link")
XVM prebuilt configs	----players panel 1	
XVM prebuilt configs	----players panel 2	
XVM prebuilt configs	----players panel 3	
XVM prebuilt configs	----Disable all stats	
XVM prebuilt configs	----HP on minimap	
XVM prebuilt configs	OMC XVM Config v{version}	
XVM prebuilt configs	----Enable Focus Shield Marker	
XVM prebuilt configs	----Enable Damage Images	
XVM prebuilt configs	----Enable Turret Markers	
XVM prebuilt configs	----Enable XMQP in markers	
XVM prebuilt configs	----Enable Quick Color Marker (Quickstat)	
XVM prebuilt configs	Solo XVM Config v{version}	=HYPERLINK("http://soloviyko.com/solos-modpack/","link")
XVM prebuilt configs	----Minimap HP Disable	
XVM prebuilt configs	----Minimap HP When press left alt	
XVM prebuilt configs	----Minimap HP Always	
XVM config builder	Clan Icons	
XVM config builder	----Top Clans only (default)	
XVM config builder	----Full NA stand: {version}	
XVM config builder	----Full EU stand: {version}	
XVM config builder	----Full RU stand: {version}	
XVM config builder	----Full ASIA stand: {version}	
XVM config builder	Battle Interface modifications (xvm)	
XVM config builder	----6th sense - Icon Duration	
XVM config builder	------2 sec 6th sense icon	
XVM config builder	------5 sec 6th sense icon	
XVM config builder	------10 sec 6th sense icon	
XVM config builder	----Information Label for Missions (Mission Tracker)	
XVM config builder	------by MarsOne	
XVM config builder	----Scoreboard	
XVM config builder	------Show Alive	
XVM config builder	------Show Kills	
XVM config builder	----Hitlog	
XVM config builder	------Enable	
XVM config builder	------Disable	
XVM config builder	----Total HP	
XVM config builder	------Enable total HP	
XVM config builder	------Disable total HP	
XVM config builder	----WN8 Comparison	
XVM config builder	----Average Damage	
XVM config builder	------Enable	
XVM config builder	------Disable	
XVM config builder	----High Caliber Tracker	
XVM config builder	------Enable	
XVM config builder	------Disable	
XVM config builder	----Damage Log	
XVM config builder	------Enable	
XVM config builder	------Disable	
XVM config builder	------Enable toggling of client default damagelog from game settings	
XVM config builder	----Last Hit Announcer	
XVM config builder	------Enable	
XVM config builder	------Disable	
XVM config builder	----Vehicle On Fire Announcer	
XVM config builder	------Enable	
XVM config builder	------Disable	
XVM config builder	----Total Efficiency	
XVM config builder	------Enable	
XVM config builder	------Disable	
XVM config builder	----Damage Panel Repair Timers	
XVM config builder	------Enable	
XVM config builder	------Disable	
XVM config builder	Battle Results modifications (xvm)	
XVM config builder	----Show Battle Tier	
XVM config builder	----Hide Battle Tier	
XVM config builder	----Init Battle Results page 1	
XVM config builder	----Init Battle Results page 2	
XVM config builder	----Init Battle Results page 3	
XVM config builder	Tank Carousel modifications (xvm)	
XVM config builder	----Disable XVM Tank Cells	
XVM config builder	----Enable XVM Tank Cells	
XVM config builder	------Modify Cell Content	
XVM config builder	--------Tanks with limited MM in different colors	
XVM config builder	----------Green	
XVM config builder	--------From Prebuilt Config Selection	
XVM config builder	----------Normal Style	
XVM config builder	------------1.0 Scale	
XVM config builder	------------0.8 scale	
XVM config builder	------------0.6 scale	
XVM config builder	------------Average Damage	
XVM config builder	--------------Enable	
XVM config builder	--------------Disable	
XVM config builder	------------Battles Count	
XVM config builder	--------------Enable	
XVM config builder	--------------Disable	
XVM config builder	------------Win Rate	
XVM config builder	--------------Enable	
XVM config builder	--------------Disable	
XVM config builder	----------Small Style	
XVM config builder	------------Win Rate	
XVM config builder	--------------Enable	
XVM config builder	--------------Disable	
XVM config builder	--------By CaronteShinigami	
XVM config builder	----------1.0 Scale	
XVM config builder	----------0.8 Scale	
XVM config builder	----Rows - 1	
XVM config builder	----Rows - 2	
XVM config builder	----Rows - 3	
XVM config builder	----Rows - 4	
XVM config builder	----Rows - 5	
XVM config builder	----Rows - Ingame setting	
XVM config builder	----"Buy Tank" cell	
XVM config builder	------Hide cell	
XVM config builder	------Show cell, hide total slots	
XVM config builder	------Show cell, show total slots	
XVM config builder	----"Buy Slot" cell	
XVM config builder	------Hide cell	
XVM config builder	------Show cell, hide total used slots	
XVM config builder	------Show cell, show total used slots	
XVM config builder	Players Panel Modifications (xvm)	
XVM config builder	----Disable (Use WoT playerspanel)	
XVM config builder	----Enable	
XVM config builder	------Starting Position	
XVM config builder	--------short	
XVM config builder	--------medium (standard)	
XVM config builder	--------medium 2	
XVM config builder	--------large	
XVM config builder	------HP Bars	
XVM config builder	--------Default	
XVM config builder	--------OMC style	
XVM config builder	--------Disabled	
XVM config builder	--------On Key Press	
XVM config builder	--------On Always	
XVM config builder	------Enable small hp bar for every tank	
XVM config builder	------Enable small hp numbers for every tank	
XVM config builder	Statistics color step modifications (xvm)	
XVM config builder	----default config's colorscale	
XVM config builder	----6 step xvm colorscale	
XVM config builder	----7 step wotlabs old colorscale	
XVM config builder	----9 step wot-life colorscale	=HYPERLINK("https://wot-life.com/","link")
XVM config builder	----10 step wotlabs colorscale	
XVM config builder	Garage Interface Modifications (xvm)	
XVM config builder	----Clock	
XVM config builder	------Enable	
XVM config builder	--------Time Format	
XVM config builder	----------12 hour	
XVM config builder	----------24 hour	
XVM config builder	--------Change Color to Blue	
XVM config builder	------Disable	
XVM config builder	----Gold Locker	
XVM config builder	------Enabled	
XVM config builder	------Disabled	
XVM config builder	----Free XP Locker	
XVM config builder	------Enabled	
XVM config builder	------Disabled	
XVM config builder	----Tech Tree free XP convert option	
XVM config builder	------Enabled	
XVM config builder	------Disabled	
XVM config builder	----Crew Auto-return	
XVM config builder	------Enabled	
XVM config builder	------Disabled	
XVM config builder	----Removable equipment auto-return	
XVM config builder	------Enabled	
XVM config builder	------Disabled	
XVM config builder	----Block vehicle if ammo is lower than...	
XVM config builder	------disabled	
XVM config builder	------20%	
XVM config builder	------50%	
XVM config builder	----Server Ping	
XVM config builder	------Enabled	
XVM config builder	------Disabled	
XVM config builder	----Server Populations	
XVM config builder	------Enabled	
XVM config builder	------Disabled	
XVM config builder	----Garage Statistics	
XVM config builder	------Enabled	
XVM config builder	------Disabled	
XVM config builder	Marker modifications (xvm)	
XVM config builder	----Enabled (Use XVM markers)	
XVM config builder	------Default (or from pre-built page)	
XVM config builder	------OMC	
XVM config builder	--------Enable Focus Shield Marker	
XVM config builder	--------Enable Damage Images	
XVM config builder	--------Enable Turret Markers	
XVM config builder	--------Enable XMQP in markers	
XVM config builder	--------Enable Quick Color Marker (Quickstat)	
XVM config builder	------Jimbo	
XVM config builder	------Solo	
XVM config builder	------Willster419	
XVM config builder	----Disabled (Use stock WoT markers)	
XVM config builder	Login Modifications (xvm)	
XVM config builder	----Auto-login	
XVM config builder	------Enabled	
XVM config builder	------Disabled	
XVM config builder	----Hide the old replay confirmation window	
XVM config builder	------Enabled	
XVM config builder	------Disabled	
XVM config builder	----Show server ping	
XVM config builder	------Enabled	
XVM config builder	------Disabled	
XVM config builder	----Save last server	
XVM config builder	------Enabled	
XVM config builder	------Disabled	
XVM config builder	----Show server populations	
XVM config builder	------Enabled	
XVM config builder	------Disabled	
XVM config builder	Minimap modifications (xvm)	
XVM config builder	----XVM Minimap	
XVM config builder	------Enabled	
XVM config builder	--------Modify HP Circles	
XVM config builder	----------Enable HP circles on by default	
XVM config builder	----------Enable HP circles for alt key press	
XVM config builder	--------Modify Minimap Arty Aim Icon	
XVM config builder	----------From Bones config	
XVM config builder	--------Modify Minimap Circles	
XVM config builder	----------Enabled - Use XVM circles	
XVM config builder	------------Use the following custom circles	
XVM config builder	--------------50m auto detect circle	
XVM config builder	--------------vehicle view range circle	
XVM config builder	--------------445m maximum spotting range circle	
XVM config builder	--------------564m maximum vehicle render/draw range circle	
XVM config builder	--------------Arty gun range	
XVM config builder	----------Disabled - Use stock WoT circles	
XVM config builder	--------Modify Minimap Icons/Labels	
XVM config builder	----------Enabled - Use XVM Labels	
XVM config builder	----------Disabled - Use stock WoT Labels	
XVM config builder	--------Modify Minimap Lines	
XVM config builder	----------Enabled - Use XVM lines	
XVM config builder	----------Disabled - Use stock WoT lines	
XVM config builder	------Disabled	
XVM config builder	----Zoom configuration	
XVM config builder	------Hotkey Left CTRL	
XVM config builder	------Hotkey Left ALT	
XVM config builder	------Minimap zoom - bottom right	
XVM config builder	------Minimap zoom - centered	
XVM config builder	Sound modifications (Custom sounds) (xvm)	
XVM config builder	----Enabled	
XVM config builder	----Disabled	
Crosshairs	Arty	
Crosshairs	----Destroyer	=HYPERLINK("http://forum.worldoftanks.ru/index.php?/topic/973710-","link")
Crosshairs	------Blue	=HYPERLINK("https://wotspeak.ru/pricely-world-of-tanks-wot/529-pricel-destroyer-s-ukazaniem-tolschiny-broni-dlya-world-of-tanks.html","link")
Crosshairs	------Green	=HYPERLINK("https://wotspeak.ru/pricely-world-of-tanks-wot/529-pricel-destroyer-s-ukazaniem-tolschiny-broni-dlya-world-of-tanks.html","link")
Crosshairs	----Deegie	=HYPERLINK("http://modsworldoftanks.com/cross-hair-deegies-sight/","link")
Crosshairs	------Blue	=HYPERLINK("http://modsworldoftanks.com/cross-hair-deegies-sight/","link")
Crosshairs	------Green	=HYPERLINK("http://modsworldoftanks.com/cross-hair-deegies-sight/","link")
Crosshairs	----J1mBOs Crosshair mod	=HYPERLINK("http://wotsite.net/pritsely/4333-","link")
Crosshairs	----J1mBOs Crosshair mod v{version}	=HYPERLINK("http://forum.worldoftanks.eu/index.php?/topic/626707-","link")
Crosshairs	------Lite Version with splash circle	=HYPERLINK("http://forum.worldoftanks.eu/index.php?/topic/626707-","link")
Crosshairs	------Lite Version	=HYPERLINK("http://forum.worldoftanks.eu/index.php?/topic/626707-","link")
Crosshairs	------Medium Version with splash circle	=HYPERLINK("http://forum.worldoftanks.eu/index.php?/topic/626707-","link")
Crosshairs	------Medium Version	=HYPERLINK("http://forum.worldoftanks.eu/index.php?/topic/626707-","link")
Crosshairs	------Full Version with splash circle	=HYPERLINK("http://forum.worldoftanks.eu/index.php?/topic/626707-","link")
Crosshairs	------Full Version	=HYPERLINK("http://forum.worldoftanks.eu/index.php?/topic/626707-","link")
Crosshairs	----Pro-Arty	=HYPERLINK("http://forum.worldoftanks.eu/index.php?/topic/321210-","link")
Crosshairs	----Harpoon	=HYPERLINK("http://forum.worldoftanks.ru/index.php?/topic/1419789-","link")
Crosshairs	------White Circle	=HYPERLINK("http://forum.worldoftanks.ru/index.php?/topic/1419789-","link")
Crosshairs	------Mini	=HYPERLINK("http://forum.worldoftanks.ru/index.php?/topic/1419789-","link")
Crosshairs	------Harpoon Arty german / deutsch	=HYPERLINK("http://forum.worldoftanks.eu/index.php?/topic/655699-","link")
Crosshairs	----Sword of Damocles	=HYPERLINK("http://wotsite.net/pritsely/3117-","link")
Crosshairs	----MeltyMapsMathMod	
Crosshairs	------Blue	
Crosshairs	------Green	
Crosshairs	----Sight Taipan v1	=HYPERLINK("http://wotsite.net/pritsely/9382-","link")
Crosshairs	Arcade and Sniper	
Crosshairs	----Destroyer	=HYPERLINK("http://forum.worldoftanks.ru/index.php?/topic/973710-","link")
Crosshairs	------Blue	=HYPERLINK("https://wotspeak.ru/pricely-world-of-tanks-wot/529-pricel-destroyer-s-ukazaniem-tolschiny-broni-dlya-world-of-tanks.html","link")
Crosshairs	------Green	=HYPERLINK("https://wotspeak.ru/pricely-world-of-tanks-wot/529-pricel-destroyer-s-ukazaniem-tolschiny-broni-dlya-world-of-tanks.html","link")
Crosshairs	------Custom Inner circle	=HYPERLINK("https://wotspeak.ru/pricely-world-of-tanks-wot/529-pricel-destroyer-s-ukazaniem-tolschiny-broni-dlya-world-of-tanks.html","link")
Crosshairs	--------Green	=HYPERLINK("https://wotspeak.ru/pricely-world-of-tanks-wot/529-pricel-destroyer-s-ukazaniem-tolschiny-broni-dlya-world-of-tanks.html","link")
Crosshairs	--------White	=HYPERLINK("https://wotspeak.ru/pricely-world-of-tanks-wot/529-pricel-destroyer-s-ukazaniem-tolschiny-broni-dlya-world-of-tanks.html","link")
Crosshairs	--------Red	=HYPERLINK("https://wotspeak.ru/pricely-world-of-tanks-wot/529-pricel-destroyer-s-ukazaniem-tolschiny-broni-dlya-world-of-tanks.html","link")
Crosshairs	----Deegie	=HYPERLINK("https://wotspeak.ru/pricely-world-of-tanks-wot/168-super-pricel-world-of-tanks.html","link")
Crosshairs	------Blue	=HYPERLINK("https://wotspeak.ru/pricely-world-of-tanks-wot/168-super-pricel-world-of-tanks.html","link")
Crosshairs	------Green	=HYPERLINK("https://wotspeak.ru/pricely-world-of-tanks-wot/168-super-pricel-world-of-tanks.html","link")
Crosshairs	----Kellerman	=HYPERLINK("http://hjundaj.com/mods/gun-sights/kellerman-blue-by-soulza-eng-ru-versions","link")
Crosshairs	------V1	=HYPERLINK("http://hjundaj.com/mods/gun-sights/kellerman-blue-by-soulza-eng-ru-versions","link")
Crosshairs	------V2	=HYPERLINK("http://hjundaj.com/mods/gun-sights/kellerman-blue-by-soulza-eng-ru-versions","link")
Crosshairs	------V3	=HYPERLINK("http://hjundaj.com/mods/gun-sights/kellerman-blue-by-soulza-eng-ru-versions","link")
Crosshairs	------Broken Glass	=HYPERLINK("http://hjundaj.com/mods/gun-sights/kellerman-blue-by-soulza-eng-ru-versions","link")
Crosshairs	------Unbroken glass	=HYPERLINK("http://hjundaj.com/mods/gun-sights/kellerman-blue-by-soulza-eng-ru-versions","link")
Crosshairs	----HARDscope by Andrey-Hard and KobkaG	=HYPERLINK("http://forum.worldoftanks.ru/index.php?/topic/1229310-","link")
Crosshairs	----J1mBOs Crosshair mod	=HYPERLINK("http://wotsite.net/pritsely/4333-","link")
Crosshairs	----J1mBOs Crosshair mod v{version}	=HYPERLINK("http://forum.worldoftanks.eu/index.php?/topic/626707-","link")
Crosshairs	------1 Aim Circle	=HYPERLINK("http://forum.worldoftanks.eu/index.php?/topic/626707-","link")
Crosshairs	------2 Aim Circles	=HYPERLINK("http://forum.worldoftanks.eu/index.php?/topic/626707-","link")
Crosshairs	----MeltyMapsMathMod by MeltyMath or AndreV	=HYPERLINK("http://wotsite.net/pritsely/8572-","link")
Crosshairs	------MeltysMath by AndreV green	=HYPERLINK("http://wotsite.net/pritsely/8572-super-pritsely-meltymap-dlya-world-of-tanks.html","link")
Crosshairs	------MeltysMath by AndreV turqoise	=HYPERLINK("http://wotsite.net/pritsely/8572-super-pritsely-meltymap-dlya-world-of-tanks.html","link")
Crosshairs	----Harpoon	=HYPERLINK("http://forum.worldoftanks.ru/index.php?/topic/1419789-","link")
Crosshairs	------Black Square	=HYPERLINK("http://forum.worldoftanks.ru/index.php?/topic/1419789-","link")
Crosshairs	------Black circle	=HYPERLINK("http://forum.worldoftanks.ru/index.php?/topic/1419789-","link")
Crosshairs	------White Square	=HYPERLINK("http://forum.worldoftanks.ru/index.php?/topic/1419789-","link")
Crosshairs	------White Circle	=HYPERLINK("http://forum.worldoftanks.ru/index.php?/topic/1419789-","link")
Crosshairs	------Mini	=HYPERLINK("http://forum.worldoftanks.ru/index.php?/topic/1419789-","link")
Crosshairs	------Harpoon english	=HYPERLINK("http://forum.worldoftanks.ru/index.php?/topic/1419789-","link")
Crosshairs	------Harpoon german / deutsch	=HYPERLINK("http://forum.worldoftanks.eu/index.php?/topic/655699-","link")
Crosshairs	----Sword of Damocles	
Crosshairs	----Taipan	
Crosshairs	------V1	=HYPERLINK("http://wotsite.net/pritsely/9382-","link")
Crosshairs	------V2	=HYPERLINK("http://wotsite.net/pritsely/9226-","link")
Crosshairs	Gun Constraints for SPG and Artillery (Type set in garage)	=HYPERLINK("http://wotsite.net/mody-dlya-world-of-tanks/10229-","link")
Contour Icons/Tank Icons	Contour Icons	
Contour Icons/Tank Icons	----APCR_NOOB - by Mike	
Contour Icons/Tank Icons	------Standard	=HYPERLINK("http://forum.worldoftanks.eu/index.php?/topic/515348-","link")
Contour Icons/Tank Icons	------mini V1	=HYPERLINK("http://forum.worldoftanks.eu/index.php?/topic/515348-","link")
Contour Icons/Tank Icons	------mini V2	=HYPERLINK("http://forum.worldoftanks.eu/index.php?/topic/515348-","link")
Contour Icons/Tank Icons	----Aslains	=HYPERLINK("http://forum.worldoftanks.eu/index.php?/topic/35125-","link")
Contour Icons/Tank Icons	----"Best Icons Ever" by Grandorf	=HYPERLINK("http://worldof-tanks.com/9-5-best-icons-ever/","link")
Contour Icons/Tank Icons	----Blackspys	
Contour Icons/Tank Icons	------Original Edition	=HYPERLINK("http://forum.worldoftanks.eu/index.php?/topic/318315-","link")
Contour Icons/Tank Icons	------Yasha Edition	
Contour Icons/Tank Icons	----Druids	=HYPERLINK("http://forum.worldoftanks.com/index.php?/topic/390563-","link")
Contour Icons/Tank Icons	----HARDicons	
Contour Icons/Tank Icons	------Normal	=HYPERLINK("http://forum.worldoftanks.ru/index.php?/topic/374544-","link")
Contour Icons/Tank Icons	------Colored	
Contour Icons/Tank Icons	----J1mB0	=HYPERLINK("http://forum.worldoftanks.eu/index.php?/topic/34259-","link")
Contour Icons/Tank Icons	------J1mB0 Original	=HYPERLINK("http://forum.worldoftanks.eu/index.php?/topic/661661-","link")
Contour Icons/Tank Icons	------Grabaah Edition	=HYPERLINK("http://forum.worldoftanks.eu/index.php?/topic/661661-","link")
Contour Icons/Tank Icons	----Korolins	=HYPERLINK("http://forum.worldoftanks.ru/index.php?/topic/1278386-","link")
Contour Icons/Tank Icons	------No Text	=HYPERLINK("http://forum.worldoftanks.ru/index.php?/topic/1278386-","link")
Contour Icons/Tank Icons	--------Gold Premium Tanks	=HYPERLINK("http://forum.worldoftanks.ru/index.php?/topic/1278386-","link")
Contour Icons/Tank Icons	------Numbers (1-10)	=HYPERLINK("http://forum.worldoftanks.ru/index.php?/topic/1278386-","link")
Contour Icons/Tank Icons	--------Regular Text	=HYPERLINK("http://forum.worldoftanks.ru/index.php?/topic/1278386-","link")
Contour Icons/Tank Icons	----------Gold Premium Tanks	=HYPERLINK("http://forum.worldoftanks.ru/index.php?/topic/1278386-","link")
Contour Icons/Tank Icons	--------Beige Text	=HYPERLINK("http://forum.worldoftanks.ru/index.php?/topic/1278386-","link")
Contour Icons/Tank Icons	----------Gold Premium Tanks	=HYPERLINK("http://forum.worldoftanks.ru/index.php?/topic/1278386-","link")
Contour Icons/Tank Icons	--------White Text	=HYPERLINK("http://forum.worldoftanks.ru/index.php?/topic/1278386-","link")
Contour Icons/Tank Icons	----------Gold Premium Tanks	=HYPERLINK("http://forum.worldoftanks.ru/index.php?/topic/1278386-","link")
Contour Icons/Tank Icons	------Symbols (I-X)	=HYPERLINK("http://forum.worldoftanks.ru/index.php?/topic/1278386-","link")
Contour Icons/Tank Icons	--------Regular Text	=HYPERLINK("http://forum.worldoftanks.ru/index.php?/topic/1278386-","link")
Contour Icons/Tank Icons	----------Gold Premium Tanks	=HYPERLINK("http://forum.worldoftanks.ru/index.php?/topic/1278386-","link")
Contour Icons/Tank Icons	--------Beige Text	=HYPERLINK("http://forum.worldoftanks.ru/index.php?/topic/1278386-","link")
Contour Icons/Tank Icons	----------Gold Premium Tanks	=HYPERLINK("http://forum.worldoftanks.ru/index.php?/topic/1278386-","link")
Contour Icons/Tank Icons	--------White Text	=HYPERLINK("http://forum.worldoftanks.ru/index.php?/topic/1278386-","link")
Contour Icons/Tank Icons	----------Gold Premium Tanks	=HYPERLINK("http://forum.worldoftanks.ru/index.php?/topic/1278386-","link")
Contour Icons/Tank Icons	----Man1aq	=HYPERLINK("http://forum.worldoftanks.eu/index.php?/topic/619734-","link")
Contour Icons/Tank Icons	------Basic	
Contour Icons/Tank Icons	------Premium Alternative	
Contour Icons/Tank Icons	----Nikodemsky	=HYPERLINK("http://forum.worldoftanks.eu/index.php?/topic/219347-","link")
Contour Icons/Tank Icons	----Pogs Contour Icons	=HYPERLINK("http://forum.worldoftanks.eu/index.php?/topic/637660-","link")
Contour Icons/Tank Icons	------Clear	
Contour Icons/Tank Icons	--------tier, name	
Contour Icons/Tank Icons	--------tier, name, avg penetration	
Contour Icons/Tank Icons	--------tier, name, avg penetration, armor numbers	
Contour Icons/Tank Icons	--------tier, name, avg penetration, armor numbers, view range	
Contour Icons/Tank Icons	--------tier, name, avg penetration, armor numbers, view range, reload time	
Contour Icons/Tank Icons	------Colored	
Contour Icons/Tank Icons	--------tier, name	
Contour Icons/Tank Icons	--------tier, name, average penetration	
Contour Icons/Tank Icons	--------tier, name, average penetration, armour numbers	
Contour Icons/Tank Icons	--------tier, name, average penetration, armour numbers, view range	
Contour Icons/Tank Icons	--------tier, name, average penetration, armour numbers, view range, reload	
Contour Icons/Tank Icons	----Risky Style by colt87	=HYPERLINK("http://forum.worldoftanks.eu/index.php?/topic/534757-","link")
Contour Icons/Tank Icons	----TORQue - Inspired by Witblitz v{version}	=HYPERLINK("http://forum.worldoftanks.eu/index.php?/topic/283444-","link")
Contour Icons/Tank Icons	----Wizards by yaya070	=HYPERLINK("http://forum.worldoftanks.eu/index.php?/topic/610927-","link")
Contour Icons/Tank Icons	------Arabic Tier Numbers	=HYPERLINK("http://forum.worldoftanks.eu/index.php?/topic/610927-","link")
Contour Icons/Tank Icons	------Roman Tier Numbers	=HYPERLINK("http://forum.worldoftanks.eu/index.php?/topic/610927-","link")
Damage Logs/Damage Panels	Damage Panels + Damage Logs Seperate	
Damage Logs/Damage Panels	----Damage Panels	
Damage Logs/Damage Panels	------Damage Panel by KobkaG v{version}	=HYPERLINK("http://forum.worldoftanks.ru/index.php?/topic/1611203-","link")
Damage Logs/Damage Panels	--------Standard	=HYPERLINK("http://forum.worldoftanks.ru/index.php?/topic/1611203-","link")
Damage Logs/Damage Panels	--------with central repair	=HYPERLINK("http://forum.worldoftanks.ru/index.php?/topic/1611203-","link")
Damage Logs/Damage Panels	--------Notebook	=HYPERLINK("http://forum.worldoftanks.ru/index.php?/topic/1611203-","link")
Damage Logs/Damage Panels	------Damage Panel by Zayaz	
Damage Logs/Damage Panels	--------Standard	=HYPERLINK("http://wotsite.net/paneli-povrezhdenij/4523-","link")
Damage Logs/Damage Panels	--------with blocking angle indicator	=HYPERLINK("http://wotsite.net/paneli-povrezhdenij/4523-","link")
Damage Logs/Damage Panels	--------with repair center	=HYPERLINK("http://wotsite.net/paneli-povrezhdenij/4523-","link")
Damage Logs/Damage Panels	--------with repair center and blocking angle indicator	=HYPERLINK("http://wotsite.net/paneli-povrezhdenij/4523-","link")
Damage Logs/Damage Panels	----Damage Logs	
Damage Logs/Damage Panels	------Damagelog by GambitER	=HYPERLINK("http://wotsite.net/paneli-povrezhdenij/3109-","link")
Damage Logs/Damage Panels	--------config from KoddaG	=HYPERLINK("http://forum.worldoftanks.ru/index.php?/topic/1611203-","link")
Damage Logs/Damage Panels	--------config from OMC	
Damage Logs/Damage Panels	--------XFT config with integrated hitlog (xvm needed for hitlog)	
Damage Logs/Damage Panels	--------XFT config with hitlog on top (xvm needed for hitlog)	
Damage Logs/Damage Panels	--------damage messages	
Damage Logs/Damage Panels	----------move damage messages to center	
Damage Logs/Damage Panels	----------disable damage messages	
Damage Logs/Damage Panels	Damage Panel + Damage Log Combo	
Damage Logs/Damage Panels	----Damagelog by bionick with custom panel	
Damage Logs/Damage Panels	------Design 1	=HYPERLINK("http://wotsite.net/paneli-povrezhdenij/10331-","link")
Damage Logs/Damage Panels	------Design 2	=HYPERLINK("http://wotsite.net/paneli-povrezhdenij/10143-","link")
Damage Logs/Damage Panels	------Design 3	=HYPERLINK("http://wotsite.net/paneli-povrezhdenij/10143-","link")
Ingame Aim	Replay FreeCamera	=HYPERLINK("https://wgmods.net/50/","link")
Ingame Aim	Zoom Out Config (meters)	
Ingame Aim	----Arcade Zoom	
Ingame Aim	------100m	
Ingame Aim	------200m	
Ingame Aim	------500m	
Ingame Aim	----PostMortem Zoom	
Ingame Aim	------100m	
Ingame Aim	------200m	
Ingame Aim	------500m	
Ingame Aim	----Stragetic (SPG) Zoom	
Ingame Aim	------200m	
Ingame Aim	------500m	
Ingame Aim	----Increase Scroll Speed	
Ingame Aim	Server-side Reticle	
Ingame Aim	----Elkano´s Server Gun Marker (ElkSGM) (NOT Compatible with PMOD)	=HYPERLINK("https://mods.curse.com/wot-mods/worldoftanks/255647-elksgm","link")
Ingame Aim	----Battle Interface modifications - Server Reticle (pmod)	
Ingame Aim	------blue	
Ingame Aim	------green	
Ingame Aim	------black and white	
Ingame Aim	------meltymaps mathmod	
Ingame Aim	Penetration ( ͡° ͜ʖ ͡°) Indicators	
Ingame Aim	----PMOD Penetration ( ͡° ͜ʖ ͡°) Indicator	
Ingame Aim	------font size small (18)	
Ingame Aim	------font size medium (24)	
Ingame Aim	------font size large (30)	
Ingame Aim	----Number Indicator of Armor Penetration ( ͡° ͜ʖ ͡°) by Ekspoint (non-PMOD)	=HYPERLINK("https://yadi.sk/d/o6kOQNXKhwaVi","link")
Ingame Aim	----Number Indicator of Armor Penetration ( ͡° ͜ʖ ͡°) by Makct (non-PMOD)	=HYPERLINK("https://4cheat.ru/showthread.php?t=15891","link")
Ingame Aim	Zoom modifications - zoom in (pmod)	
Ingame Aim	----2, 4, 8, 12	
Ingame Aim	----2, 4, 8, 16, 25 (client default)	
Ingame Aim	----2, 4, 8, 12, 16, 20, 26, 32	
Ingame Aim	----2, 4, 8, 12, 16, 20, 26, 32, 40, 48	
Ingame Aim	----Modify TD Brake	
Ingame Aim	------td brake on	
Ingame Aim	------td brake off	
Ingame Aim	----Modify Starting zoom	
Ingame Aim	------starting zoom 2x (client default)	
Ingame Aim	------starting zoom 4x	
Ingame Aim	------starting zoom 8x	
Ingame Aim	------starting zoom 16x	
Ingame Aim	----Enable pmod zoom indicator	
Ingame Aim	Disable sniper scope shadow/green effect (PMOD)	
Ingame Aim	Arty Splash Sphere by Spoter	=HYPERLINK("http://hjundaj.com/mods/gun-sights/arty-splash-spoter","link")
Ingame Aim	Battle Assistant v{version}	=HYPERLINK("http://forum.worldoftanks.ru/index.php?/topic/1389614-","link")
Ingame Aim	----G	
Ingame Aim	----J	
Ingame Aim	----Middle Mouse	
Ingame Aim	----Increased Zoom Speed	
Ingame Aim	ExtraAimInfo	=HYPERLINK("https://koreanrandom.com/forum/topic/42300-","link")
Ingame Aim	----default config	
Ingame Aim	----arty only config	
Ingame Aim	----old style config	
Ingame Aim	Autoaim modifications	
Ingame Aim	----Autoaim indication	=HYPERLINK("http://forum.worldoftanks.eu/index.php?/topic/441413-","link")
Ingame Aim	------2 sec autoaim search	
Ingame Aim	------5 sec autoaim search	
Ingame Aim	------infinite autoaim search	
Ingame Aim	------auto-announce reload add-on	
Ingame Aim	------repair with T add-on	
Ingame Aim	------ally shot blocker add-on	
Ingame Aim	------help message when spotted add-on	
Ingame Aim	----Autoaim Indicator Extended v{version}	=HYPERLINK("http://wotsite.net/mody-dlya-world-of-tanks/12206-","link")
Ingame Aim	SafeShot	=HYPERLINK("https://yadi.sk/d/o6kOQNXKhwaVi","link")
Ingame Aim	----1 Sec no corpse Shot	
Ingame Aim	----2 sec no corpse shot	
Ingame Aim	----5 sec no corpse shot	
Ingame Aim	----block team damage shot	
Ingame Aim	----send team damage message in chat	
Ingame Aim	BalCalcMod	=HYPERLINK("https://koreanrandom.com/forum/topic/30440-","link")
Ingame Aim	----F key	
Ingame Aim	----Q key	
Ingame Info	Marks on Gun Extended	=HYPERLINK("https://github.com/spoter/spoter-mods/tree/master/mod_marksOnGunExtended","link")
Ingame Info	Tank Info Panel	
Ingame Info	----Tank Info Panel by Ekspoint and others v{version}	=HYPERLINK("https://koreanrandom.com/forum/topic/32323-","link")
Ingame Info	------Nyomen (original OMC)	
Ingame Info	------Masheene english v{version}	=HYPERLINK("http://forum.worldoftanks.eu/index.php?/topic/263260-","link")
Ingame Info	------Masheene (deutsch/ german) v{version}	=HYPERLINK("http://forum.worldoftanks.eu/index.php?/topic/262914-","link")
Ingame Info	------Masheene french v{version}	=HYPERLINK("http://forum.worldoftanks.eu/index.php?/topic/317846-","link")
Ingame Info	------Krautjaeger english v{version}	=HYPERLINK("http://forum.worldoftanks.eu/index.php?/topic/263260-","link")
Ingame Info	------Shtys english	=HYPERLINK("https://koreanrandom.com/forum/topic/32323-","link")
Ingame Info	------Shtys (deutsch/ german) v{version}	=HYPERLINK("https://koreanrandom.com/forum/topic/32323-","link")
Ingame Info	------Shtys russian v{version}	=HYPERLINK("https://koreanrandom.com/forum/topic/32323-","link")
Ingame Info	------Xotabych (english & german) v{version}	=HYPERLINK("https://koreanrandom.com/forum/topic/32323-","link")
Ingame Info	------Xotabych original v{version}	=HYPERLINK("https://koreanrandom.com/forum/topic/32323-","link")
Ingame Info	------Angelsoft english	=HYPERLINK("https://koreanrandom.com/forum/topic/32323-","link")
Ingame Info	------Angelsoft (deutsch/ german) v{version}	=HYPERLINK("https://koreanrandom.com/forum/topic/32323-","link")
Ingame Info	------Angelsoft original russian v{version}	=HYPERLINK("https://koreanrandom.com/forum/topic/32323-","link")
Ingame Info	------Ktulho english v{version}	=HYPERLINK("https://koreanrandom.com/forum/topic/32323-0920-info_panel_extended-%D0%B8%D0%BD%D1%84%D0%BE%D1%80%D0%BC%D0%B0%D1%86%D0%B8%D0%BE%D0%BD%D0%BD%D0%B0%D1%8F-%D0%BF%D0%B0%D0%BD%D0%B5%D0%BB%D1%8C-%D1%82%D0%B5%D0%BA%D1%83%D1%89%D0%B5%D0%B9-%D1%86%D0%B5%D0%BB%D0%B8/?do=findComment&comment=340540","link")
Ingame Info	------Ktulho german v{version}	=HYPERLINK("https://koreanrandom.com/forum/topic/32323-0920-info_panel_extended-%D0%B8%D0%BD%D1%84%D0%BE%D1%80%D0%BC%D0%B0%D1%86%D0%B8%D0%BE%D0%BD%D0%BD%D0%B0%D1%8F-%D0%BF%D0%B0%D0%BD%D0%B5%D0%BB%D1%8C-%D1%82%D0%B5%D0%BA%D1%83%D1%89%D0%B5%D0%B9-%D1%86%D0%B5%D0%BB%D0%B8/?do=findComment&comment=340540","link")
Ingame Info	------Ktulho original russian v{version}	=HYPERLINK("https://koreanrandom.com/forum/topic/32323-0920-info_panel_extended-%D0%B8%D0%BD%D1%84%D0%BE%D1%80%D0%BC%D0%B0%D1%86%D0%B8%D0%BE%D0%BD%D0%BD%D0%B0%D1%8F-%D0%BF%D0%B0%D0%BD%D0%B5%D0%BB%D1%8C-%D1%82%D0%B5%D0%BA%D1%83%D1%89%D0%B5%D0%B9-%D1%86%D0%B5%D0%BB%D0%B8/?do=findComment&comment=340540","link")
Ingame Info	------En-/ Disable Own Team	
Ingame Info	--------Enable Own Team	
Ingame Info	--------Disable Own Team	
Ingame Info	------En-/ Disable dead	
Ingame Info	--------Enable Dead	
Ingame Info	--------Disable Dead	
Ingame Info	----Tank Info Panel by OldSkool v{version}	=HYPERLINK("http://forum.worldoftanks.eu/index.php?/topic/603810-","link")
Ingame Info	Wide Border of Maps	=HYPERLINK("https://www.facebook.com/WideBorderOfMaps/","link")
Ingame Info	----COMMAND Full	
Ingame Info	----EXTRAGRID Full	
Ingame Info	----GRID Full	
Ingame Info	----INTENSIVE Full	
Ingame Info	----SPG Full	
Ingame Info	----WIDE Full	
Ingame Info	15m Spot Circle (Type set in garage)	=HYPERLINK("http://wotsite.net/mody-dlya-world-of-tanks/12048-","link")
Ingame Info	Crew Skill Informer	=HYPERLINK("http://forum.worldoftanks.eu/index.php?/topic/481984-","link")
Ingame Info	Gold Visibility Mod by lgfrbcsgo	=HYPERLINK("http://forum.worldoftanks.eu/index.php?/topic/669824-","link")
Ingame Info	----APCR	
Ingame Info	------Blue	
Ingame Info	------light Blue	
Ingame Info	------Green	
Ingame Info	------Lime Green	
Ingame Info	------Orange	
Ingame Info	------Purple	
Ingame Info	------Red	
Ingame Info	------Turquoise	
Ingame Info	------Yellow	
Ingame Info	----HEAT	
Ingame Info	------Blue	
Ingame Info	------light Blue	
Ingame Info	------Green	
Ingame Info	------Lime Green	
Ingame Info	------Orange	
Ingame Info	------Purple	
Ingame Info	------Red	
Ingame Info	------Turquoise	
Ingame Info	------Yellow	
Ingame Info	----Blue	=HYPERLINK("http://forum.worldoftanks.eu/index.php?/topic/669824-","link")
Ingame Info	----Light Blue	=HYPERLINK("http://forum.worldoftanks.eu/index.php?/topic/669824-","link")
Ingame Info	----Cyan	=HYPERLINK("http://forum.worldoftanks.eu/index.php?/topic/669824-","link")
Ingame Info	----Green	=HYPERLINK("http://forum.worldoftanks.eu/index.php?/topic/669824-","link")
Ingame Info	----Lime Green	=HYPERLINK("http://forum.worldoftanks.eu/index.php?/topic/669824-","link")
Ingame Info	----Purple	=HYPERLINK("http://forum.worldoftanks.eu/index.php?/topic/669824-","link")
Ingame Info	----Red	=HYPERLINK("http://forum.worldoftanks.eu/index.php?/topic/669824-","link")
Ingame Info	----Red	=HYPERLINK("http://forum.worldoftanks.eu/index.php?/topic/669824-","link")
Ingame Info	----Orange	=HYPERLINK("http://forum.worldoftanks.eu/index.php?/topic/669824-","link")
Ingame Info	----Yellow	=HYPERLINK("http://forum.worldoftanks.eu/index.php?/topic/669824-","link")
Ingame Info	----Show ally gold shots	=HYPERLINK("http://forum.worldoftanks.eu/index.php?/topic/669824-","link")
Ingame Info	----Show own gold shots	=HYPERLINK("http://forum.worldoftanks.eu/index.php?/topic/669824-","link")
Ingame Info	Minimap Gundirection by OldSkool	=HYPERLINK("http://forum.worldoftanks.eu/index.php?/topic/603810-","link")
Ingame Info	Arty Log Extended by OldSkool	=HYPERLINK("https://wgmods.net/1036/","link")
Ingame Info	RTAN - Real Time Achievements Notifications	
Ingame Info	----RTAN by Aimdrol	=HYPERLINK("https://github.com/Aimdrol/MLG-RTAN","link")
Ingame Info	----RTAN by protanki	=HYPERLINK("http://wotsite.net/mody-dlya-world-of-tanks/12224-","link")
Ingame Info	TessuMod, WOT/Teamspeak integration	=HYPERLINK("http://forum.worldoftanks.eu/index.php?/topic/433614-","link")
Ingame Info	SpotMessanger	=HYPERLINK("http://forum.worldoftanks.eu/index.php?/topic/562735-","link")
Ingame Info	----active at start, deactivate with F11	
Ingame Info	----inactive at start, activate with F11	
Ingame Info	----Battletypes	
Ingame Info	------Random	
Ingame Info	--------with Message in Team chat	
Ingame Info	--------with Message in Platoon chat	
Ingame Info	------Grand Battles	
Ingame Info	--------with Message in Team chat	
Ingame Info	--------with Message in Platoon chat	
Ingame Info	------Teambattle	
Ingame Info	------Ranked Teambattle	
Ingame Info	------ClanBattle	
Ingame Info	------ProvingGround	
Ingame Info	----Vehicle Types	
Ingame Info	------LT	
Ingame Info	------MT	
Ingame Info	------HT	
Ingame Info	------TD	
Ingame Info	------SPG	
Ingame Info	Bullet Damage Indicator Modifications	
Ingame Info	----Change Indicator Icon	=HYPERLINK("https://wotspeak.ru/paneli-povrezhdeniy-world-of-tanks-wot/321-indikator-napravleniya-damaga-v-vide-puli-world-of-tanks-wot.html","link")
Ingame Info	------Badboy78	=HYPERLINK("http://hjundaj.com/mods/damage-indicator/damage-indicator-badboy78","link")
Ingame Info	------qdly	
Ingame Info	------zx80	
Ingame Info	------Harpoon by lenya69	=HYPERLINK("http://forum.worldoftanks.ru/index.php?/topic/1419789-","link")
Ingame Info	------Marsoff	
Ingame Info	------dikey93	=HYPERLINK("https://wotspeak.ru/paneli-povrezhdeniy-world-of-tanks-wot/110-mod-na-indikator-urona-world-of-tanks-wot.html","link")
Ingame Info	------RazNaRok and GreenWarriors	
Ingame Info	----Change Display Time	
Ingame Info	------8 Seconds	
Ingame Info	------12 Seconds	
Ingame Info	------15 Seconds	
Ingame Info	Inbattle current rating calculation by Ekspoint (Can cause FPS loss)	=HYPERLINK("http://forum.worldoftanks.eu/index.php?/topic/561169-","link")
Ingame Info	----wn8	
Ingame Info	----wn8_v2	
Ingame Info	----wn8 and damage with Last Hit Damage	
Ingame Info	----wn8 and damage	
Ingame Info	----wn8 and eff	
Ingame Info	----wn8 and diff	
Ingame Info	----wn8, eff and diff	
Ingame Info	----damage	
Ingame Info	----wn8, eff and damage	
Ingame Info	----eff	
Ingame Info	----eff and damage	
Ingame Info	----ProTANKI config	
Ingame Info	----PHARAON config	
Ingame Info	----Kaeptn v3 config	=HYPERLINK("http://forum.worldoftanks.eu/index.php?/topic/561169-091501-in-game-wn8-calculator-eff-damage/page__st__40__pid__12646652#entry12646652","link")
Ingame Info	Pathfinder by Pavel3333 v{version} (now a paid mod)	=HYPERLINK("https://koreanrandom.com/forum/topic/40343-","link")
Ingame Info	----Change Texture Color of path	
Ingame Info	------V1 Standard	
Ingame Info	------V2 Clear	
Ingame Info	------V3 Opaque	
Ingame Info	------V4 Bright	
Ingame Info	Spot Marks	=HYPERLINK("https://koreanrandom.com/forum/topic/28020-","link")
Ingame Info	ATAC - enemy in 150m range	=HYPERLINK("https://wotspeak.ru/mody-world-of-tanks-wot/525-mod-atas-informaciya-o-blizhayshem-zasvechennom-tanke-vraga-dlya-world-of-tanks.html","link")
Ingame Info	Fps Ping coloredBar by lenya69	=HYPERLINK("http://forum.worldoftanks.ru/index.php?/topic/1419789-","link")
Ingame Info	InBattle timer by lenya69	=HYPERLINK("http://forum.worldoftanks.ru/index.php?/topic/1419789-","link")
Ingame Info	Showing allied arty aiming on the battlefield and minimap	=HYPERLINK("https://wotspeak.ru/mody-world-of-tanks-wot/730-mesto-svedeniya-soyuznoy-artillerii-na-minikarte-i-pole-boya-dlya-world-of-tanks.html","link")
Ingame Info	----play sixthSense sound if aiming near you (range 10m)	
Ingame Info	----show text notification	
Ingame Info	----show symbol on minimap	
Ingame Info	------bomber	
Ingame Info	------ally absorption flag	
Ingame Info	------ally repair	
Ingame Info	------arcade camera	
Ingame Info	------artillery	
Ingame Info	------cell flash	
Ingame Info	------dead point	
Ingame Info	------enemy absorption flag	
Ingame Info	------enemy repair	
Ingame Info	------flag	
Ingame Info	------strategic camera	
Ingame Info	------tutorial target	
Ingame Info	------view point	
Ingame Info	------video camera	
Ingame Info	----show model on battlefield	
Ingame Info	------checkpoint white	
Ingame Info	------red circle	
Ingame Info	------turquoise post	
Ingame Info	------turquoise sphere	
Ingame Info	------yellow pole	
Ingame Info	------yellow sphere	
Ingame Info	Battle Observer (HP pools) v{version} By Armagomen	=HYPERLINK("http://forum.worldoftanks.ru/index.php?/topic/1385404-","link")
Ingame Info	----Enable High Caliber Display (possible xvm conflict)	
Ingame Info	----Show player spotted status in panels (possible xvm conflict)	
Ingame Info	----Enable Players info panel (when you press left alt)	
Ingame Info	----Show HP bars on players panel (possible xvm conflict)	
Ingame Misc	Friend Marker	=HYPERLINK("https://wgmods.net/1023/","link")
Ingame Misc	Mask Camo Net Mod  by Pavel3333 v{version}	=HYPERLINK("https://koreanrandom.com/forum/topic/41420-","link")
Ingame Misc	Same Blue Sky On All Maps By Johnda	=HYPERLINK("https://wotspeak.ru/mody-world-of-tanks-wot/397-mod-odinakovoe-nebo-na-vseh-kartah-dlya-world-of-tanks-wot.html","link")
Ingame Misc	BaseCap Circles	=HYPERLINK("https://koreanrandom.com/forum/topic/11026-","link")
Ingame Misc	----V1 Faint Red	
Ingame Misc	----V2 Turquoise	
Ingame Misc	----V3 Red	
Ingame Misc	----V4 Navy Blue	
Ingame Misc	----V5 SeaGreen	
Ingame Misc	----V6 Lime	
Ingame Misc	----V7 Silver Shadow	
Ingame Misc	----V8 Magenta	
Ingame Misc	----V9 Magenta Protect	
Ingame Misc	----V10 White Black	
Ingame Misc	----V11 Yellow Black	
Ingame Misc	----V12 SeaGreen Gray	
Ingame Misc	----V13 Protected Zone	
Ingame Misc	----V14 Blue Slash	
Ingame Misc	----V15 Yellow Black Slash	
Ingame Misc	----V16 Red Lawn Green	
Ingame Misc	----V17 Yellow Black Big	
Ingame Misc	LightMod by Polyacov-Yury	=HYPERLINK("https://koreanrandom.com/forum/topic/19365-","link")
Ingame Misc	----headlights	
Ingame Misc	------car pack	
Ingame Misc	------police bar/flashlight	
Ingame Misc	------neon track lights	
Ingame Misc	------spotlight on selected tank	
Ingame Misc	----evening lighting	
Ingame Misc	WoT Tweaker (max farplane)	=HYPERLINK("http://forum.worldoftanks.ru/index.php?/topic/1125299-","link")
Ingame Misc	----Increase the maximum visibility range	
Ingame Misc	----Fog removal on all maps	
Ingame Misc	----Disable clouds	
Ingame Misc	----Disable smoke from the exhaust pipes of the tanks	
Ingame Misc	----Disable effects of smoke and flame from shots	
Ingame Misc	----Disable effects of object destruction	
Ingame Misc	----Disable effect of exploding shells and getting into objects	
Ingame Misc	----Disable effects of destroying tanks	
Ingame Misc	----Disable smoke from the destroyed tanks	
Ingame Misc	----Disable effects of hitting the tanks	
Ingame Misc	----Disable effect of tree movement	
Ingame Misc	----Disable shadow under the tanks	
Ingame Misc	----Disable weather and smoke from objects on map	
Ingame Misc	----Disable noobs on allied team	
Ingame Misc	Hitmarker by Aimdrol	=HYPERLINK("http://forum.worldoftanks.eu/index.php?/topic/476721-","link")
Ingame Misc	----Damage Only	
Ingame Misc	----Damage, Ramming, Kamakazie	
Ingame Misc	Minimap	
Ingame Misc	----Tactical Minimap in battle by Ekspoint	=HYPERLINK("http://ekspoint-mods.tk/index/0-60","link")
Ingame Misc	------Large map toggle key: left alt	=HYPERLINK("http://ekspoint-mods.tk/index/0-60","link")
Ingame Misc	------Large map toggle key: right alt	=HYPERLINK("http://ekspoint-mods.tk/index/0-60","link")
Ingame Misc	------Show the large map on entering the battle	=HYPERLINK("http://ekspoint-mods.tk/index/0-60","link")
Ingame Misc	----HD Minimap v{version} by ShuraBB	=HYPERLINK("https://wgmods.net/WOT/ru/hd-minikarta-39/","link")
Ingame Misc	----HD Minimap (only the maps)	=HYPERLINK("https://wgmods.net/WOT/ru/hd-minikarta-39/","link")
Ingame Misc	----HD Minimap black & white (only the maps)	
Ingame Misc	Enhanced Customizable Radial Menu by Polyacov_Yury	=HYPERLINK("https://wotspeak.ru/mody-world-of-tanks-wot/365-prikolnoe-boevoe-menyu-trollya-dlya-world-of-tanks-wot.html","link")
Ingame Misc	WoT FPS First Person Tank View	=HYPERLINK("http://wotsite.net/mody-dlya-world-of-tanks/11203-wot-fps-vid-ot-pervogo-litsa-v-world-of-tanks.html","link")
Ingame Misc	Illuminati Companion by Aimdrol	=HYPERLINK("http://forum.worldoftanks.eu/index.php?/topic/476721-097-gtos-mlg-mod-continued-by-aimdrol-s3al-dog-in-tenks-especially-rudy/","link")
Ingame Misc	----Enable for during battle	
Ingame Misc	Wargaming.FM Radio	=HYPERLINK("http://wotsite.net/mody-dlya-world-of-tanks/12186-","link")
Ingame Misc	Consumables	
Ingame Misc	----by Aimdrol without text modifications	=HYPERLINK("http://forum.worldoftanks.eu/index.php?/topic/476721-","link")
Ingame Misc	----by Aimdrol with text modifications (english)	=HYPERLINK("http://forum.worldoftanks.eu/index.php?/topic/476721-","link")
Ingame Misc	----by Grandpa	=HYPERLINK("https://mods.curse.com/wot-mods/worldoftanks/ammo-equipment-crew-icons","link")
Ingame Misc	----by vvooj	=HYPERLINK("https://mods.curse.com/wot-mods/worldoftanks/letter-shell-icons","link")
Ingame Misc	Antitoxicity Mod by ShuraBB v{version}	=HYPERLINK("https://wgmods.net/WOT/ru/antitoksichnost-68/","link")
Ingame Misc	----Disable showing of annoying graphics settings window at battle start	=HYPERLINK("https://wgmods.net/WOT/ru/antitoksichnost-68/","link")
Ingame Misc	----Disable showing of annoying garage messages (gun mounted, welcome to server, etc.)	=HYPERLINK("https://wgmods.net/WOT/ru/antitoksichnost-68/","link")
Ingame Misc	----Disable dynamic platoon messages	=HYPERLINK("https://wgmods.net/WOT/ru/antitoksichnost-68/","link")
Ingame Misc	----Expand friendslist and blacklist	=HYPERLINK("https://wgmods.net/WOT/ru/antitoksichnost-68/","link")
Ingame Misc	----Disable showing of own messages	=HYPERLINK("https://wgmods.net/WOT/ru/antitoksichnost-68/","link")
Ingame Misc	----Disable replay chat	=HYPERLINK("https://wgmods.net/WOT/ru/antitoksichnost-68/","link")
Ingame Misc	----Disable postmortem tips	=HYPERLINK("https://wgmods.net/WOT/ru/antitoksichnost-68/","link")
Ingame Misc	----Block minimap spam click after 3 repeats	=HYPERLINK("https://wgmods.net/WOT/ru/antitoksichnost-68/","link")
Ingame Misc	----Block dead allies from clicking the map	=HYPERLINK("https://wgmods.net/WOT/ru/antitoksichnost-68/","link")
Ingame Misc	----Block dead allies from battle chat	=HYPERLINK("https://wgmods.net/WOT/ru/antitoksichnost-68/","link")
Ingame Misc	----Block battle chat spam message after 3 repeats	=HYPERLINK("https://wgmods.net/WOT/ru/antitoksichnost-68/","link")
Ingame Misc	----Enable Clearing of blacklist with F12 key	=HYPERLINK("https://wgmods.net/WOT/ru/antitoksichnost-68/","link")
Garage Mods	RegionChanger by ShuraBB	=HYPERLINK("https://wgmods.net/WOT/ru/multiklient-region-changer-256/","link")
Garage Mods	Battle Hits Viewer in Hangar v{version}	=HYPERLINK("http://forum.worldoftanks.eu/index.php?/topic/603810-","link")
Garage Mods	Auto Equip by Ekspoint	=HYPERLINK("https://yadi.sk/d/o6kOQNXKhwaVi","link")
Garage Mods	Armor Inspector by protanki	=HYPERLINK("https://wotspeak.ru/mody-world-of-tanks-wot/519-mod-na-prosmotr-broni-tankov-v-angare-dlya-world-of-tanks.html","link")
Garage Mods	Map Rotation - Only played Maps	=HYPERLINK("http://forum.worldoftanks.eu/index.php?/topic/604269-","link")
Garage Mods	ModPack Button Support Tool v{version} by Budyx69	=HYPERLINK("http://forum.worldoftanks.eu/index.php?/topic/507925-09180-modpack-button-v89-lobbybutton-fuer-chatchannel-und-url-aufruf-27022017/page__hl__%2Bmodpackbutton__fromsearch__1","link")
Garage Mods	Replay Manager	=HYPERLINK("https://wgmods.net/WOT/ru/menedzher-repleev-22/","link")
Garage Mods	ScriptloaderPro by Budyx69 Settings	=HYPERLINK("http://forum.worldoftanks.eu/index.php?/topic/561371-","link")
Garage Mods	----SystemMessage Full	
Garage Mods	----SystemMessage Minimal	
Garage Mods	----SystemMessage OFF	
Garage Mods	----Dont Delete CameraNode.pyc automatic and Restart automatic	
Garage Mods	----Delete Cameranode.pyc automatic and Restart automatic	
Garage Mods	VehicleXP Extended v{version}	=HYPERLINK("http://wotsite.net/mody-dlya-world-of-tanks/12210-","link")
Garage Mods	----VehicleXP Extended german / deutsch	=HYPERLINK("http://wotsite.net/mody-dlya-world-of-tanks/12210-mod-tankopyt-raschjot-kolichestva-opyta-i-bojov-do-sleduyushchego-tanka-v-angare.html","link")
Garage Mods	----VehicleXP Extended english	=HYPERLINK("http://wotsite.net/mody-dlya-world-of-tanks/12210-mod-tankopyt-raschjot-kolichestva-opyta-i-bojov-do-sleduyushchego-tanka-v-angare.html","link")
Garage Mods	Account Manager	=HYPERLINK("https://tanksmod.com/mod-account-manager-for-wot-9-20/","link")
Garage Mods	WotXP Crew Extended	=HYPERLINK("https://github.com/spoter/spoter-mods","link")
Garage Mods	Techtrees	
Garage Mods	----Horizontal compact	=HYPERLINK("http://forum.worldoftanks.ru/index.php?/topic/1419763-","link")
Garage Mods	----JVT Techtree Mod v{version}	=HYPERLINK("http://forum.worldoftanks.ru/index.php?/topic/1654743-","link")
Garage graphics	Loading Video	
Garage graphics	----Loading Video & 3 Pictures by Alex77	=HYPERLINK("http://forum.worldoftanks.eu/index.php?/topic/667416-","link")
Garage graphics	------Loading Picture 1 by Alex77	=HYPERLINK("http://forum.worldoftanks.eu/index.php?/topic/667416-","link")
Garage graphics	------Loading Picture 2 by Alex77	=HYPERLINK("http://forum.worldoftanks.eu/index.php?/topic/667416-","link")
Garage graphics	------Loading Picture 3 by Alex77	=HYPERLINK("http://forum.worldoftanks.eu/index.php?/topic/667416-","link")
Garage graphics	------Loading Video by Alex77	=HYPERLINK("http://forum.worldoftanks.eu/index.php?/topic/667416-","link")
Garage graphics	----WWIIHWA Login Screens by Budyx69	
Garage graphics	----MLG	
Garage graphics	----GuP	
Garage graphics	Crew Icons	
Garage graphics	----Anime	=HYPERLINK("https://mod-wot.com/load/icons_for_world_of_tanks_wot/anime_crew_icons_for_world_of_tanks/7-1-0-341","link")
Garage graphics	----Minions	=HYPERLINK("http://forum.worldoftanks.eu/index.php?/topic/426145-0916-minion-crew-mod/#topmost","link")
Garage graphics	Loading Animation	
Garage graphics	----Illuminati by Aimdrol	
Garage graphics	----OMC by Technowolf (RIP OMC)	
Garage graphics	----HARPOON by lenya69	=HYPERLINK("http://forum.worldoftanks.ru/index.php?/topic/1419789-","link")
Garage graphics	----WWIIHWA Ambiente by Budyx69	=HYPERLINK("http://forum.worldoftanks.eu/index.php?/topic/502495-","link")
Garage graphics	Hangar FreeCamera by Goofy67 v{version}	=HYPERLINK("http://www.goofy67-wot.de/hangar-freecam.html","link")
Garage graphics	HARPOON cursor by lenya69	=HYPERLINK("http://forum.worldoftanks.ru/index.php?/topic/1419789-","link")
Garage graphics	Medal Modifications	
Garage graphics	----Glass Effect	=HYPERLINK("https://mod-wot.com/load/official_mods_for_world_of_tanks_wot/a_new_kind_of_medals_with_the_effect_under_the_glass_mod_for_world_of_tanks/2-1-0-42","link")
Garage graphics	Hangars	
Garage graphics	----Hangar Manager (HangMan) v{version}	=HYPERLINK("http://forum.worldoftanks.eu/index.php?/topic/439322-","link")
Garage graphics	------Poppy Field	=HYPERLINK("http://worldoftanksmods.eu/hangar-garage/0-9-18-very-nice-hangar-poppy-field-for-world-of-tanks.html","link")
Garage graphics	------IGR Hangar (Bat cave)	=HYPERLINK("http://wotsite.net/angary-dlya-tankov/12026-angar-na-zavode-tankov-dlya-wot.html","link")
Garage graphics	------US Independence Day	=HYPERLINK("http://wotsite.net/angary-dlya-tankov/10939-","link")
Garage graphics	--------for SD Client	=HYPERLINK("http://wotsite.net/angary-dlya-tankov/10939-","link")
Garage graphics	--------for HD Client	=HYPERLINK("http://wotsite.net/angary-dlya-tankov/10939-","link")
Garage graphics	------WG Birthday Hangar	=HYPERLINK("http://wotsite.net/angary-dlya-tankov/12184-angar-ko-dnyu-rozhdeniya-wg-dlya-wot.html","link")
Garage graphics	--------for SD Client	=HYPERLINK("http://wotsite.net/angary-dlya-tankov/12184-angar-ko-dnyu-rozhdeniya-wg-dlya-wot.html","link")
Garage graphics	--------for HD Client	=HYPERLINK("http://wotsite.net/angary-dlya-tankov/12184-angar-ko-dnyu-rozhdeniya-wg-dlya-wot.html","link")
Garage graphics	------Hangar Miku 2.0	=HYPERLINK("http://wotsite.net/angary-dlya-tankov/12179-","link")
Garage graphics	------Wadi by DonSallustedeBazan	=HYPERLINK("http://forum.worldoftanks.eu/index.php?/topic/642897-","link")
Garage graphics	----Poppy Field	=HYPERLINK("http://worldoftanksmods.eu/hangar-garage/0-9-18-very-nice-hangar-poppy-field-for-world-of-tanks.html","link")
Garage graphics	----Hangar Cave	=HYPERLINK("http://worldof-tanks.com/technology-hangar/","link")
Garage graphics	------Flag USA	
Garage graphics	------Flag Germany	
Garage graphics	------Flag GB	
Garage graphics	----Hellinger Minimal Hangar Cave v{version}	=HYPERLINK("http://forum.worldoftanks.ru/index.php?/topic/745873-","link")
Garage graphics	------Normal Light, normal floor	=HYPERLINK("http://forum.worldoftanks.ru/index.php?/topic/745873-","link")
Garage graphics	------Bright light, normal floor	=HYPERLINK("http://forum.worldoftanks.ru/index.php?/topic/745873-","link")
Garage graphics	------Normal light, large floor	=HYPERLINK("http://forum.worldoftanks.ru/index.php?/topic/745873-","link")
Garage graphics	------Bright light, large floor	=HYPERLINK("http://forum.worldoftanks.ru/index.php?/topic/745873-","link")
Garage graphics	Mastery Badges	=HYPERLINK("http://forum.worldoftanks.eu/index.php?/topic/476721-0914-gtos-mlg-mod-continued-by-aimdrol-marks-of-mailand-pl/","link")
Garage graphics	----CS:GO by Aimdrol	
Garage graphics	Custom carousel tank icons	=HYPERLINK("https://mods.curse.com/wot-mods/worldoftanks/aslains-gold-premium-tanks","link")
Garage graphics	----Custom Regular tank icons	
Garage graphics	------Aslain Brighter Tank Icons	
Garage graphics	------Aslain Camouflaged Tank Icons	
Garage graphics	----Custom Premium tank icons	
Garage graphics	------Aslains gold premium tanks V0	=HYPERLINK("https://mods.curse.com/wot-mods/worldoftanks/aslains-gold-premium-tanks","link")
Garage graphics	------Aslains gold premium tanks V1	=HYPERLINK("http://wotmodsplanet.com/uncategorized/9-22-aslains-gold-premium-tanks/","link")
Garage graphics	------Aslains gold premium tanks V2	=HYPERLINK("http://wotmodsplanet.com/uncategorized/9-22-aslains-gold-premium-tanks/","link")
Garage graphics	------Aslains gold premium tanks V3	=HYPERLINK("http://wotmodsplanet.com/uncategorized/9-22-aslains-gold-premium-tanks/","link")
Garage graphics	------Aslains Brighter Gold Premium Tanks	=HYPERLINK("https://mods.curse.com/wot-mods/worldoftanks/aslains-gold-premium-tanks","link")
Garage graphics	Custom Techtree and Vehicle List Icons	=HYPERLINK("https://mods.curse.com/wot-mods/worldoftanks/aslains-colored-tech-tree-and-ve","link")
Garage graphics	----V1 (Bar)	=HYPERLINK("https://mods.curse.com/wot-mods/worldoftanks/aslains-colored-tech-tree-and-ve","link")
Garage graphics	----V2 (Circle)	=HYPERLINK("https://mods.curse.com/wot-mods/worldoftanks/aslains-colored-tech-tree-and-ve","link")
Garage graphics	----Aslain Camouflaged Tech Tree Tanks	
Garage graphics	Battle Results	
Garage graphics	----Fire Design by PigBrains HAWG	=HYPERLINK("https://worldoftanks.curseforge.com/projects/fire-battle-results","link")
Garage graphics	----USA Flag Battle Results by PigBrains HAWG	=HYPERLINK("https://worldoftanks.curseforge.com/projects/uk-flag-results","link")
Garage graphics	----UK Flag Results by PigBrains HAWG	=HYPERLINK("https://worldoftanks.curseforge.com/projects/usa-flag-battle-results","link")
Garage graphics	----Trump Design by PigBrains HAWG	=HYPERLINK("https://worldoftanks.curseforge.com/projects/trumps-battle-results","link")
Garage graphics	----Grim Design by PigBrains HAWG	=HYPERLINK("https://worldoftanks.curseforge.com/projects/grim-reaper-battle-results","link")
Garage graphics	----PinUps Design by PigBrains HAWG	=HYPERLINK("https://worldoftanks.curseforge.com/projects/pin-up-girls-battle-results","link")
Garage graphics	----Skulls Design by PigBrains HAWG	=HYPERLINK("https://worldoftanks.curseforge.com/projects/skulls-battle-results","link")
Garage graphics	----Sexy Design by OldSkool	=HYPERLINK("http://forum.worldoftanks.eu/index.php?/topic/603810-","link")
Statistics	Garage Session Statistics	
Statistics	----Session statistics modifications (pmod)	
Statistics	------default	
Statistics	------Session Statistics by WorstUnicumEU	=HYPERLINK("http://forum.worldoftanks.eu/index.php?/topic/591220-","link")
Statistics	------Session Statistics by PapaDigi (german)	
Statistics	------Session Statistics by Masheene (german)	
Statistics	----Session statistics Time Spent v{version} by ShuraBB	=HYPERLINK("http://forum.worldoftanks.eu/index.php?/topic/588679-","link")
Statistics	------Skin from _bes_1 (languages: RU)	
Statistics	------Skin from 2rokk (languages: RU)	
Statistics	------Basic skin (languages: RU)	
Statistics	------Skin from Armagomen (languages: RU,EN,DE)	
Statistics	------Skin from EZorg (languages: RU,EN,DE,FR,PL)	
Statistics	------Skin from Kapany3uk v.#3 (languages: RU,EN,DE)	
Statistics	------Skin from Kapany3uk v.#4 (languages: RU,EN,DE)	
Statistics	------Skin from Kapany3uk v.#5 (languages: RU,EN,DE)	
Statistics	------A very simple skin (languages: RU,EN,DE,FR,PL,HU)	
Statistics	------Skin from M1kE_NRG (languages: RU)	
Statistics	------Skin from mcg00 (EN)	
Statistics	------Skin from mcg00 (DE)	
Statistics	------Skin Minimalistic (languages: RU,EN,DE,FR,PL,HU)	
Statistics	------Skin from MODER Team (languages: RU)	
Statistics	------Skin from NooBooL (languages: RU)	
Statistics	------Skin from professors (languages: RU)	
Statistics	------Simplified skin (languages: RU,EN,DE,FR,PL,HU)	
Statistics	------Skin from wlad1164 (languages: RU)	
Statistics	------Skin from Xotabych (languages: RU,EN)	
Statistics	------Skin from Xotabych v2 (languages: RU,EN)	
Statistics	------YasenKrasen v1 (languages: RU,EN,DE)	
Statistics	------YasenKrasen v2 (languages: RU,EN,DE)	
Statistics	------YasenKrasen v3 (languages: RU,EN,DE)	
Statistics	------YasenKrasen Vanilla (languages: RU,EN,DE)	
Statistics	------Skin from Zero (languages: RU,EN,DE,FR,PL,HU,UK)	
Statistics	----Session Statistics by Tomonik v{version}	=HYPERLINK("http://forum.worldoftanks.eu/index.php?/topic/572771-","link")
Statistics	------English	
Statistics	------German modified Version by dirty20067	
Statistics	------German by Pupsvogel	=HYPERLINK("http://forum.worldoftanks.eu/index.php?/topic/572771-091902-session-statistics-and-battle-result-messages/page__st__180__pid__14394641#entry14394641","link")
Statistics	------Polish by Igorek	=HYPERLINK("http://forum.worldoftanks.eu/index.php?/topic/572771-091902-session-statistics-and-battle-result-messages/page__st__60__pid__13303503#entry13303503","link")
Statistics	------Daily Reset	
Statistics	----YasenKrasen session statistics v{version}	=HYPERLINK("http://forum.worldoftanks.eu/index.php?/topic/583433-","link")
Statistics	------Mini	
Statistics	------Vanilla	
Statistics	------Core	
Statistics	------Background	
Statistics	--------V1	
Statistics	--------V2	
Statistics	--------V3	
Statistics	--------V4	
Statistics	--------V5	
Statistics	------Default English	
Statistics	------TankSchmidt DaStats (English)	=HYPERLINK("http://forum.worldoftanks.eu/index.php?/topic/583433-091902-yasenkrasen-colored-messages-session-statistics-eng-08062017/page__st__140__pid__13500665#entry13500665","link")
Statistics	------Default German (Standard Deutsch)	
Statistics	------TankSchmidt DaStats (German)	=HYPERLINK("http://forum.worldoftanks.eu/index.php?/topic/583433-091902-yasenkrasen-colored-messages-session-statistics-eng-08062017/page__st__140__pid__13500665#entry13500665","link")
Statistics	------Graphical	
Statistics	------Daily Reset	
Statistics	------Colored Chat (English only)	
Statistics	------Kill Skulls	
Statistics	------Enable Beta Features (English Only)	
Statistics	--------Regular	
Statistics	--------Graphical	
Sound Mods	Gun sounds	
Sound Mods	----Gun Sounds by Shimada Samas	=HYPERLINK("https://shimasamamodworkshop.wordpress.com/2017/09/27/gun-sound-mod/","link")
Sound Mods	----GnomeFather’s HRMOD Gun Sounds (reworked by Zorgane)	=HYPERLINK("http://forum.worldoftanks.eu/index.php?/topic/596268-","link")
Sound Mods	----NOTES: AGQJ Gun Sounds by Fedor Saveliev (SoundEventInjector)	=HYPERLINK("http://forum.worldoftanks.ru/index.php?/topic/1778752-","link")
Sound Mods	----AGQJ Gun Sounds by Fedor Saveliev  v{version}	=HYPERLINK("http://forum.worldoftanks.ru/index.php?/topic/1778752-","link")
Sound Mods	----Gun Sounds by Ed76na+Apa6ecka	=HYPERLINK("http://forum.worldoftanks.ru/index.php?/topic/842096-","link")
Sound Mods	----NOTES: Gun Sounds by Ed76na+Apa6ecka	=HYPERLINK("http://forum.worldoftanks.ru/index.php?/topic/842096-","link")
Sound Mods	----WWIIHWA Gunsounds by Kriegstreiber, Budyx69	
Sound Mods	Engine sounds	
Sound Mods	----NOTES: AGQJ Engines by Fedor Saveliev (SoundEventInjector)	=HYPERLINK("http://forum.worldoftanks.ru/index.php?/topic/1778752-","link")
Sound Mods	----AGQJ Engines by Fedor Saveliev  v{version}	=HYPERLINK("http://forum.worldoftanks.ru/index.php?/topic/1778752-","link")
Sound Mods	----NOTES: Engines by Ed76na+Apa6ecka	=HYPERLINK("http://forum.worldoftanks.ru/index.php?/topic/842096-","link")
Sound Mods	----Engines by Ed76na+Apa6ecka	=HYPERLINK("http://forum.worldoftanks.ru/index.php?/topic/842096-","link")
Sound Mods	GUI sounds	
Sound Mods	----Call of Duty Radio (english)	=HYPERLINK("http://wotsite.net/ozvuchka-dlya-world-of-tanks/12379-","link")
Sound Mods	----Base Cap Siren by Andre_V (Quiet as Hell turn speakers full)	=HYPERLINK("http://wotsite.net/ozvuchka-dlya-world-of-tanks/12057-","link")
Sound Mods	----Grandpas GUI	=HYPERLINK("http://lotsastuff.info/wot/grandpas-music-mod/","link")
Sound Mods	----Relhax by Willster419	
Sound Mods	WWIIHWA Ambiente v{version} sounds by Budyx69	=HYPERLINK("http://forum.worldoftanks.eu/index.php?/topic/502495-","link")
Sound Mods	----WWIIHWA Ambiente Light v{version}	=HYPERLINK("http://forum.worldoftanks.eu/index.php?/topic/502495-","link")
Sound Mods	------WWIIHWA Configuration Program	=HYPERLINK("http://forum.worldoftanks.eu/index.php?/topic/502495-","link")
Sound Mods	----WWIIHWA Music and Historical  v{version} by Budyx69	=HYPERLINK("http://forum.worldoftanks.eu/index.php?/topic/502495-","link")
Sound Mods	------WWIIHWA Historical  v{version}	=HYPERLINK("http://forum.worldoftanks.eu/index.php?/topic/502495-","link")
Sound Mods	------WWIIHWA Ambiente Music v{version}	=HYPERLINK("http://forum.worldoftanks.eu/index.php?/topic/502495-","link")
Sound Mods	Crew sounds	
Sound Mods	----Easy Crew Voice (idea by IGL)	=HYPERLINK("http://forum.worldoftanks.eu/index.php?/topic/381695-","link")
Sound Mods	------中文 (Chinese)	
Sound Mods	------čeština (Czech)	
Sound Mods	------English (USA)	
Sound Mods	------English (UK)	
Sound Mods	------Deutsch (German)	
Sound Mods	------日本の (Japanese)	
Sound Mods	------polski (Polish)	
Sound Mods	------русский (Russian)	
Sound Mods	------svenska (Swedish)	
Sound Mods	----Sabaton Voices by Andre_V	=HYPERLINK("http://wotsite.net/ozvuchka-dlya-world-of-tanks/12427-","link")
Sound Mods	----Elkano´s Crew Voices	
Sound Mods	------Elkano's All Female Voices (ElkAFV)	=HYPERLINK("https://mods.curse.com/wot-mods/worldoftanks/269045-elkafv","link")
Sound Mods	----Steel Foxes by Strategic Music and Andre_V	=HYPERLINK("http://wotsite.net/ozvuchka-dlya-world-of-tanks/10241-","link")
Sound Mods	----Siegfried by Strategic_Music+Andre_V (only german/ nur deutsch)	=HYPERLINK("http://wotsite.net/ozvuchka-dlya-world-of-tanks/11903-","link")
Sound Mods	----Company of Heroes by Andre_V (only german/ nur deutsch)	=HYPERLINK("http://wotsite.net/ozvuchka-dlya-world-of-tanks/5957-","link")
Sound Mods	----Grandpas Favorite Voices and Sounds Mod	=HYPERLINK("https://mods.curse.com/wot-mods/worldoftanks/grandpas-favorite-voices-mod","link")
Sound Mods	----Crew Sounds by doc73 (only german/ nur deutsch)	=HYPERLINK("http://forum.worldoftanks.eu/index.php?/topic/244703-","link")
Sound Mods	----WWIIHWA Crew Sounds by Budyx69 (only german/ nur deutsch)	=HYPERLINK("http://forum.worldoftanks.eu/index.php?/topic/502495-","link")
Sound Mods	----Duke Nukem Bruce Willis by StikerK & _Broxik_	=HYPERLINK("http://forum.worldoftanks.eu/index.php?/topic/656002-","link")
Sound Mods	----Duke Nukem Bruce Willis Oldskool (only german/ nur deutsch)	=HYPERLINK("http://forum.worldoftanks.eu/index.php?/topic/648255-","link")
Sound Mods	----Crew Voices "Die Zwei" by Dr_Nuadu (only german/ nur deutsch)	=HYPERLINK("http://forum.worldoftanks.eu/index.php?/topic/567880-","link")
Sound Mods	----Crew Sounds by Filzi (only german/ nur deutsch)	=HYPERLINK("http://forum.worldoftanks.eu/index.php?/topic/146862-","link")
Sound Mods	------Bud Spencer + Terence Hill	
Sound Mods	------Gunnery Sergeant Hartman from FULL METAL JACKET	
Sound Mods	------Duke Nukem Bruce Willis	
Sound Mods	------WWII Sounds (from varios movies)	
Sound Mods	------Fun Mod (from varios movies)	
Sound Mods	----Relhax	=HYPERLINK("http://relicgaming.org/index.php?topic=697.0","link")
Sound Mods	------standard	
Sound Mods	------censored	
Sound Mods	----MLG Mod by Aimdrol (English sound and text)	=HYPERLINK("http://forum.worldoftanks.eu/index.php?/topic/476721-","link")
Sound Mods	------audio only, no visuals	
Sound Mods	------audio and visuals	
Sound Mods	----Sounds instead of crew voices by vvooj v{version}	=HYPERLINK("http://www.curse.com/wot-mods/worldoftanks/simple-sounds","link")
Sound Mods	----Company of Heros (CoH) by ChromeTron	=HYPERLINK("http://forum.worldoftanks.com/index.php?/topic/567406-company-of-heroes-sound-mods/","link")
Sound Mods	----Julie Voice Pack	=HYPERLINK("http://forum.worldoftanks.eu/index.php?/topic/559722-","link")
Sound Mods	----Minions Voice Pack	=HYPERLINK("http://wotsite.net/ozvuchka-dlya-world-of-tanks/12029-","link")
Sound Mods	----MLP Voice Pack	=HYPERLINK("http://forum.worldoftanks.com/index.php?/topic/492840-","link")
Sound Mods	----Monty Python	=HYPERLINK("https://wgmods.net/621/","link")
Sound Mods	----Romanian crew voices	=HYPERLINK("http://forum.worldoftanks.eu/index.php?/topic/559722-","link")
Sound Mods	----Crew sounds by Remmels	=HYPERLINK("http://forum.worldoftanks.eu/index.php?/topic/617523-","link")
Sound Mods	------Duke Nukem by Remmels	=HYPERLINK("http://forum.worldoftanks.eu/index.php?/topic/617523-","link")
Sound Mods	------Arnold Schwarzenegger by Remmels	=HYPERLINK("http://forum.worldoftanks.eu/index.php?/topic/617523-","link")
Sound Mods	------Conor McGregor	=HYPERLINK("http://forum.worldoftanks.eu/index.php?/topic/617523-","link")
Sound Mods	------Caleb	=HYPERLINK("http://forum.worldoftanks.eu/index.php?/topic/617523-","link")
Sound Mods	------Bob Ross	=HYPERLINK("http://forum.worldoftanks.eu/index.php?/topic/617523-","link")
Sound Mods	------Sam Fisher Splinter Cell	=HYPERLINK("http://forum.worldoftanks.eu/index.php?/topic/617523-","link")
Sound Mods	Kill sounds (UT Announcer)	=HYPERLINK("http://forum.worldoftanks.eu/index.php?/topic/557716-","link")
Sound Mods	----UT Countdown	
Sound Mods	------Locastan origanal config	
Sound Mods	------Only 3 min warning config	
Sound Mods	------Webium config	
Sound Mods	Music Mods	
Sound Mods	----Music Mods by Andre_V	
Sound Mods	------Disco Casanova 90s V2	=HYPERLINK("http://wotsite.net/ozvuchka-dlya-world-of-tanks/10586-","link")
Sound Mods	------Disco Casanova 90s V1	=HYPERLINK("http://wotsite.net/ozvuchka-dlya-world-of-tanks/10586-","link")
Sound Mods	------Sounds Music Killer	=HYPERLINK("http://wotsite.net/ozvuchka-dlya-world-of-tanks/12399-","link")
Sound Mods	------Hard Rock Attack	=HYPERLINK("http://wotsite.net/ozvuchka-dlya-world-of-tanks/12418-","link")
Sound Mods	------New Rock	=HYPERLINK("http://wotsite.net/ozvuchka-dlya-world-of-tanks/11394-","link")
Sound Mods	------Sabaton	=HYPERLINK("http://wotsite.net/ozvuchka-dlya-world-of-tanks/12427-","link")
Sound Mods	------Audiomachine	=HYPERLINK("http://wotsite.net/ozvuchka-dlya-world-of-tanks/12316-","link")
Sound Mods	------Good Old Rock	=HYPERLINK("http://wotsite.net/ozvuchka-dlya-world-of-tanks/10997-","link")
Sound Mods	------Film Music Resident Evil	=HYPERLINK("http://wotsite.net/ozvuchka-dlya-world-of-tanks/12386-","link")
Sound Mods	------Two Steps From Hell (TSFH)	=HYPERLINK("http://wotsite.net/ozvuchka-dlya-world-of-tanks/12411-","link")
Sound Mods	------Sounds Music Game Movie MIX	=HYPERLINK("http://wotsite.net/ozvuchka-dlya-world-of-tanks/12208-","link")
Sound Mods	------Enigma	=HYPERLINK("http://wotsite.net/ozvuchka-dlya-world-of-tanks/11991-","link")
Sound Mods	------Music Еpic I	=HYPERLINK("http://wotsite.net/ozvuchka-dlya-world-of-tanks/9746-","link")
Sound Mods	------Film Music Star Wars	=HYPERLINK("http://wotsite.net/ozvuchka-dlya-world-of-tanks/12402-","link")
Sound Mods	----Russian Music Mods by Andre_V	
Sound Mods	------Music Red Army	=HYPERLINK("http://wotsite.net/ozvuchka-dlya-world-of-tanks/9275-","link")
Sound Mods	------Russian Rock Aria	=HYPERLINK("http://wotsite.net/ozvuchka-dlya-world-of-tanks/9681-","link")
Sound Mods	------Russian Rock Band Krueger	=HYPERLINK("http://wotsite.net/ozvuchka-dlya-world-of-tanks/12398-","link")
Sound Mods	------Russian Chansons	=HYPERLINK("http://wotsite.net/ozvuchka-dlya-world-of-tanks/12382-","link")
Sound Mods	------Legends of Russian Rock	=HYPERLINK("http://wotsite.net/ozvuchka-dlya-world-of-tanks/9005-","link")
Sound Mods	----NOTES: Sounds Music by Andre_V	=HYPERLINK("http://wotsite.net/ozvuchka-dlya-world-of-tanks.html","link")
Sound Mods	----Dynamic Music Mod by Gvozd_T90	=HYPERLINK("http://wotsite.net/ozvuchka-dlya-world-of-tanks/11043-","link")
Sound Mods	----Music Girls and Panzer by Shimada Samas	=HYPERLINK("https://shimasamamodworkshop.wordpress.com/2017/07/30/gup-music-mod/","link")
Sound Mods	----Grandpa´s Music ("Micro WWIIHWA Ambiente")	=HYPERLINK("http://lotsastuff.info/wot/grandpas-music-mod/","link")
Sound Mods	----Music by Remmels	=HYPERLINK("http://forum.worldoftanks.eu/index.php?/topic/617523-","link")
Sound Mods	------Arnold Schwarzenegger	=HYPERLINK("http://forum.worldoftanks.eu/index.php?/topic/617523-","link")
Sound Mods	------Duke Nukem by Remmels	=HYPERLINK("http://forum.worldoftanks.eu/index.php?/topic/617523-","link")
6th sense	Audio	
6th sense	----RelHax by Willster419	
6th sense	----OMC signal (8 sec)	
6th sense	----OMC signal (8 sec) 10db softer	
6th sense	----Admiral Ackbar	
6th sense	----Cyborg by APCR-NOOB	
6th sense	----German Die Zwei	=HYPERLINK("http://forum.worldoftanks.eu/index.php?/topic/567880-","link")
6th sense	----German Soldier	
6th sense	----Illuminati by Aimdrol	
6th sense	----Jingles	=HYPERLINK("https://wgmods.net/727/","link")
6th sense	----Metal Gear Solid	
6th sense	----Minions	
6th sense	----Miqt's Sheep	
6th sense	----Monty Python	=HYPERLINK("https://wgmods.net/756/","link")
6th sense	----Sauron signal	
6th sense	----Standard signal (10 sec)	
6th sense	Icon	
6th sense	----OMC Logo	
6th sense	----OMNI Logo	
6th sense	----Aslain	
6th sense	----blue LED	
6th sense	----blue Lightning	
6th sense	----Boobs	
6th sense	----EiKarrRamba	
6th sense	----F4CE	
6th sense	----Freaky Icecubes	
6th sense	----Fry	
6th sense	----FS	
6th sense	----General Ackbar	
6th sense	----Granate	
6th sense	----gRuMM3l	
6th sense	----gRuMM3lin3	
6th sense	----Jeff	
6th sense	----J1mB0	
6th sense	----Jingles	=HYPERLINK("https://wgmods.net/727/","link")
6th sense	----JUMBO	
6th sense	----JUST	
6th sense	----Kriegstreiber	
6th sense	----LEOTM	
6th sense	----Light-bulb	
6th sense	----Minions	
6th sense	----Miqt's Sheep	
6th sense	----Monty Python	=HYPERLINK("https://wgmods.net/756/","link")
6th sense	----Mootality	
6th sense	----PZK	
6th sense	----Rage face	
6th sense	----Ratz Fatz	
6th sense	----Red Bulb	
6th sense	----Red warning Sign	
6th sense	----Riokat	
6th sense	----Sauron	
6th sense	----Shark	
6th sense	----Spiderman	
6th sense	----SWF-A	
6th sense	----Yellow Warning Sign	
6th sense	----Quickybaby Sixth Sense	
6th sense	----Animated Illuminati pyramid by Aimdrol	
6th sense	----Animated light bulb by Aimdrol	
6th sense	Sixth Sense icon time duration	
6th sense	----5 Seconds	
6th sense	----7 Seconds	
6th sense	----10 Seconds	
6th sense	----12 Seconds	
Tank Skin Packs	Contour skins black and white with areas of penetration ( ͡° ͜ʖ ͡°) by Mr.13	=HYPERLINK("https://koreanrandom.com/forum/topic/1400-","link")
Tank Skin Packs	----no trunk marks	=HYPERLINK("https://koreanrandom.com/forum/topic/1400-","link")
Tank Skin Packs	----with trunk marks	=HYPERLINK("https://koreanrandom.com/forum/topic/1400-","link")
Tank Skin Packs	AniWOT Anime Tank Skins	=HYPERLINK("https://wgmods.net/51/","link")
Tank Skin Packs	Classic's Wotshop - Nation Vehicle Skins	=HYPERLINK("http://classicswotworkshop.weebly.com/","link")
Tank Skin Packs	----Chinese	
Tank Skin Packs	------Military Green	=HYPERLINK("http://classicswotworkshop.weebly.com/military-green.html","link")
Tank Skin Packs	------Brown Drab	=HYPERLINK("http://classicswotworkshop.weebly.com/brown-drab.html","link")
Tank Skin Packs	----Czech	
Tank Skin Packs	------Olive Drab	=HYPERLINK("http://classicswotworkshop.weebly.com/olive-drab.html","link")
Tank Skin Packs	------Primer Grey	=HYPERLINK("http://classicswotworkshop.weebly.com/primer-grey.html","link")
Tank Skin Packs	------Ultra Dark	=HYPERLINK("http://classicswotworkshop.weebly.com/ultra-dark.html","link")
Tank Skin Packs	----French	
Tank Skin Packs	------Vert-dArtillerie (formerly Artillery Green)	=HYPERLINK("http://classicswotworkshop.weebly.com/artillery-green.html","link")
Tank Skin Packs	------Gris-Vert (Formerly Dark Green)	=HYPERLINK("http://classicswotworkshop.weebly.com/gris-vert.html","link")
Tank Skin Packs	------Vert Olive	=HYPERLINK("https://classicswotworkshop.weebly.com/vert-olive.html","link")
Tank Skin Packs	----German	
Tank Skin Packs	------Bundeswehr Green	=HYPERLINK("http://classicswotworkshop.weebly.com/bundeswehr-gruumln.html","link")
Tank Skin Packs	------Neue Dunkelgelb	=HYPERLINK("http://classicswotworkshop.weebly.com/neue-dunkelgelb.html","link")
Tank Skin Packs	------Primer Red	=HYPERLINK("http://classicswotworkshop.weebly.com/primer-red.html","link")
Tank Skin Packs	----Hungarian Factory Green	=HYPERLINK("http://classicswotworkshop.weebly.com/hungarian-factory-green.html","link")
Tank Skin Packs	----Japanese	
Tank Skin Packs	------Reddish Brown	=HYPERLINK("http://classicswotworkshop.weebly.com/reddish-brown.html","link")
Tank Skin Packs	------Light Blue (Formerly Warship Grey)	=HYPERLINK("https://classicswotworkshop.weebly.com/light-blue.html","link")
Tank Skin Packs	----UK	
Tank Skin Packs	------Bronze Green	=HYPERLINK("https://classicswotworkshop.weebly.com/bronze-green.html","link")
Tank Skin Packs	------Light Olive (Formerly Olive Green)	=HYPERLINK("http://classicswotworkshop.weebly.com/light-olive.html","link")
Tank Skin Packs	----US	
Tank Skin Packs	------Thunderbolt Green	=HYPERLINK("https://classicswotworkshop.weebly.com/thunderbolt-green.html","link")
Tank Skin Packs	------Forest Green (Formerly Dark Olive)	=HYPERLINK("https://classicswotworkshop.weebly.com/forest-green.html","link")
Tank Skin Packs	----USSR 4BO-1 Green	=HYPERLINK("http://classicswotworkshop.weebly.com/4bo-1-green.html","link")
Tank Skin Packs	Classic's Wotshop - Other Vehicle Skins	
Tank Skin Packs	----Israeli Desert Sand	=HYPERLINK("http://classicswotworkshop.weebly.com/desert-base.html","link")
Tank Skin Packs	----Zephyr Multicolor Camo Pack	=HYPERLINK("http://classicswotworkshop.weebly.com/multicolor-zephyr-camo.html","link")
Tank Skin Packs	----Digital Clan Camo Pack	=HYPERLINK("http://classicswotworkshop.weebly.com/ryuukai-digital-clan-camo.html","link")
Tank Skin Packs	----SST Blue Camo Pack	=HYPERLINK("http://classicswotworkshop.weebly.com/sst-blue-splintered.html","link")
Tank Skin Misc	Colored Dead Tanks	
Tank Skin Misc	----white	
Tank Skin Misc	----red	
Tank Skin Misc	----green	
Tank Skin Misc	----gray	
Tank Skin Misc	----... and destroyed Carriages and Trains	
Tank Skin Misc	Colored Crashed Tracks	
Tank Skin Misc	----white	
Tank Skin Misc	----red	
Tank Skin Misc	----green	
Tank Skin Misc	----gray	
Tank Skin Misc	----blue	
Tank Skin Misc	Clan Logo Remover	=HYPERLINK("http://forum.worldoftanks.eu/index.php?/topic/445306-","link")
Tank Skin Misc	Transparent Nation Decals	=HYPERLINK("http://forum.worldoftanks.eu/index.php?/topic/445306-","link")
Tank Skin Misc	Tank Camouflages	
Tank Skin Misc	----Transparent Camouflage	=HYPERLINK("http://forum.worldoftanks.eu/index.php?/topic/445306-","link")
Tank Skin Misc	----Camouflages Selector by Polyacov_Yury	=HYPERLINK("http://forum.worldoftanks.ru/index.php?/topic/1825657-","link")
Tank Skin Misc	Stickers and Inscriptions Remover	=HYPERLINK("http://forum.worldoftanks.eu/index.php?/topic/445306-","link")
Tank Skin Misc	Colored damage stickers (paintball mod)	
Tank Skin Misc	----HAWG Regular	=HYPERLINK("https://modsworldoftanks.com/colored-hits-paintball/","link")
Tank Skin Misc	----HAWG Colorblind	=HYPERLINK("https://modsworldoftanks.com/colored-hits-paintball/","link")
Tank Skin Misc	----Schematic	=HYPERLINK("https://modsworldoftanks.com/colored-hits-paintball/","link")
Tank Skin Misc	----webium	=HYPERLINK("https://modsworldoftanks.com/colored-hits-paintball/","link")
Tank Skin Misc	----Protanki	=HYPERLINK("https://modsworldoftanks.com/colored-hits-paintball/","link")
Tank Skin Misc	Marks Of Excellence	
Tank Skin Misc	----"8/8 IGN" by Aimdrol	
Tank Skin Misc	----Relic Logo	
Tank Skin Misc	----3rdguards	
Tank Skin Misc	----Ace Tanker by Aimdrol	
Tank Skin Misc	----V1 by VoPV	
Tank Skin Misc	----V2 by VoPV	
Tank Skin Misc	----QuickeyBaby by Aimdrol	
Tank Skin Misc	----Illuminati by Aimdrol	
Tank Skin Misc	----xXx-MVP-xXx by Aimdrol	
Custom Tank Skins	China	
Custom Tank Skins	----Heavy	
Custom Tank Skins	------112	
Custom Tank Skins	--------"Nvidia-Style white"	=HYPERLINK("https://penetratorxmodshop.weebly.com/store/c8/%22Nvidia-Style%22_Series.html","link")
Custom Tank Skins	------113	
Custom Tank Skins	--------"NVIDIA-Style black" by PeNeTrAtOrX	=HYPERLINK("https://mods.curse.com/wot-skins/worldoftanks/267580-nvidia-style-black","link")
Custom Tank Skins	--------"NVIDIA-Style white" by PeNeTrAtOrX	=HYPERLINK("https://mods.curse.com/wot-skins/worldoftanks/267615-nvidia-style-white","link")
Custom Tank Skins	--------'Beijing Opera' Edition	=HYPERLINK("http://classicswotworkshop.weebly.com/military-green.html","link")
Custom Tank Skins	----Light	
Custom Tank Skins	------WZ-132	
Custom Tank Skins	--------Star Wars Stormtrooper	=HYPERLINK("https://wgmods.net/476/","link")
Custom Tank Skins	----Medium	
Custom Tank Skins	------121	
Custom Tank Skins	--------Miruku Remodel	=HYPERLINK("https://wgmods.net/108/","link")
Custom Tank Skins	------T-34-3	
Custom Tank Skins	--------Miruku Remodel	=HYPERLINK("https://wgmods.net/125/","link")
Custom Tank Skins	------Type 59	
Custom Tank Skins	--------Gold	
Custom Tank Skins	--------Miruku Remodel	=HYPERLINK("https://wgmods.net/856/","link")
Custom Tank Skins	----Tank Destroyer	
Custom Tank Skins	------WZ120 1G FT	
Custom Tank Skins	--------"Nvidia-Style white"	=HYPERLINK("https://penetratorxmodshop.weebly.com/store/c8/%22Nvidia-Style%22_Series.html","link")
Custom Tank Skins	Czech	
Custom Tank Skins	----Medium	
Custom Tank Skins	------Skoda T40	
Custom Tank Skins	--------Motorsports	
Custom Tank Skins	France	
Custom Tank Skins	----Artillery	
Custom Tank Skins	------105 leFH18B2	
Custom Tank Skins	--------105 leFH18B2 "leFHant"	=HYPERLINK("https://mods.curse.com/wot-skins/worldoftanks/268293-lefh18b2-lefhant","link")
Custom Tank Skins	----Light	
Custom Tank Skins	------AMX ELC	
Custom Tank Skins	--------Dukes of Hazard	
Custom Tank Skins	--------Hello Kitty	
Custom Tank Skins	--------MONSTER Energy	
Custom Tank Skins	--------YodaSchlumpf	
Custom Tank Skins	------AMX 13 90	
Custom Tank Skins	--------"Race Control"	
Custom Tank Skins	----Medium	
Custom Tank Skins	------AMX CDC	
Custom Tank Skins	--------"Rage"	=HYPERLINK("https://mods.curse.com/wot-skins/worldoftanks/255930-amx-chasseur-de-char-rage","link")
Custom Tank Skins	Germany	
Custom Tank Skins	----Heavy	
Custom Tank Skins	------Löwe	
Custom Tank Skins	--------"Nvidia-Style black"	=HYPERLINK("https://penetratorxmodshop.weebly.com/store/c8/%22Nvidia-Style%22_Series.html","link")
Custom Tank Skins	------Maus	
Custom Tank Skins	--------"Hier kommt die Maus"	
Custom Tank Skins	----Light	
Custom Tank Skins	------M41 90 GF	
Custom Tank Skins	--------Miruku Remodel	=HYPERLINK("https://wgmods.net/115/","link")
Custom Tank Skins	------PZ I C	
Custom Tank Skins	--------R2-D2 by Hellinger	=HYPERLINK("https://wgmods.net/476/","link")
Custom Tank Skins	----Medium	
Custom Tank Skins	------E-50	
Custom Tank Skins	--------Miruku Remodel	=HYPERLINK("https://wgmods.net/110/","link")
Custom Tank Skins	------E-50 M	
Custom Tank Skins	--------"dirty snow"	=HYPERLINK("https://penetratorxmodshop.weebly.com/store/p86/E_50_Ausf._M_%22dirty_snow%22.html","link")
Custom Tank Skins	--------Miruku Remodel	=HYPERLINK("https://wgmods.net/207/","link")
Custom Tank Skins	------Leopard PT A	
Custom Tank Skins	--------MIruku Remodel	=HYPERLINK("https://wgmods.net/1235/","link")
Custom Tank Skins	------Leopard 1	
Custom Tank Skins	--------Leopard 1 "Schneeleopard"	=HYPERLINK("https://penetratorxmodshop.weebly.com/store/p88/Leopard_1_%22Schneeleopard%22.html","link")
Custom Tank Skins	--------Miruku Remodel	=HYPERLINK("https://wgmods.net/246/","link")
Custom Tank Skins	------T-55A	
Custom Tank Skins	--------Miruku Remodel	=HYPERLINK("https://wgmods.net/126/","link")
Custom Tank Skins	------VK 30.01 P	
Custom Tank Skins	--------Miruku Remodel	=HYPERLINK("https://wgmods.net/1032/","link")
Custom Tank Skins	----Tank Destroyer	
Custom Tank Skins	------E-25	
Custom Tank Skins	--------"The running lawn"	=HYPERLINK("https://mods.curse.com/wot-skins/worldoftanks/263859-e-25-the-running-lawn","link")
Custom Tank Skins	------Skorpion G	
Custom Tank Skins	--------Blue	
Custom Tank Skins	--------Green	
Custom Tank Skins	--------Red	
Custom Tank Skins	--------White	
Custom Tank Skins	--------Miruku Remodel	=HYPERLINK("https://wgmods.net/120/","link")
Custom Tank Skins	Japan	
Custom Tank Skins	----Medium	
Custom Tank Skins	------STB-1	
Custom Tank Skins	--------Miruku Remodel	=HYPERLINK("https://wgmods.net/133/","link")
Custom Tank Skins	Sweden	
Custom Tank Skins	----Tank Destroyer	
Custom Tank Skins	------STRV S1	
Custom Tank Skins	--------"Poison Green"	=HYPERLINK("https://penetratorxmodshop.weebly.com/store/p109/Strv_S1_%22Poison_Green%22_%26_%22baby_blue%22_.html","link")
Custom Tank Skins	--------Miruku Remodel	=HYPERLINK("https://wgmods.net/122/","link")
Custom Tank Skins	UK	
Custom Tank Skins	----Artillery	
Custom Tank Skins	------FV304	
Custom Tank Skins	--------Bert The Avenger	=HYPERLINK("http://classicswotworkshop.weebly.com/fv304-bert-the-avenger.html","link")
Custom Tank Skins	--------Police (remodel)	
Custom Tank Skins	--------RaceControl	
Custom Tank Skins	----Heavy	
Custom Tank Skins	------TOG II	
Custom Tank Skins	--------TOG II Chewbacca by Hellinger	=HYPERLINK("https://wgmods.net/476/","link")
Custom Tank Skins	--------TOG II "Nvidia-Style black"	=HYPERLINK("https://penetratorxmodshop.weebly.com/store/c8/%22Nvidia-Style%22_Series.html","link")
Custom Tank Skins	----Medium	
Custom Tank Skins	------Cromwell	
Custom Tank Skins	--------Carbon (PeNeTrAtOrX)	=HYPERLINK("https://mods.curse.com/wot-skins/worldoftanks/268292-cromwell-berlin-carbon","link")
Custom Tank Skins	------FV4202	
Custom Tank Skins	--------Miruku Remodel	=HYPERLINK("https://wgmods.net/112/","link")
Custom Tank Skins	----Tank Destroyer	
Custom Tank Skins	------FV217 Badger	
Custom Tank Skins	--------Star Wars Han Solo	
Custom Tank Skins	USA	
Custom Tank Skins	----Heavy	
Custom Tank Skins	------M48A5	
Custom Tank Skins	--------M60A1 Miruku Remodel	=HYPERLINK("https://wgmods.net/1156/","link")
Custom Tank Skins	--------Miruku Remodel	=HYPERLINK("https://wgmods.net/282/","link")
Custom Tank Skins	------T110E5	
Custom Tank Skins	--------OM Edition (RIP OMC Modpack)	
Custom Tank Skins	--------OMNI Edition (RIP OMC Modpack)	
Custom Tank Skins	------T29	
Custom Tank Skins	--------Patriot	=HYPERLINK("https://mods.curse.com/wot-skins/worldoftanks/t29-patriot","link")
Custom Tank Skins	------T34 Heavy	
Custom Tank Skins	--------Miruku Remodel	=HYPERLINK("https://wgmods.net/305/","link")
Custom Tank Skins	------T57 Heavy	
Custom Tank Skins	--------"NVIDIA-Style black"	=HYPERLINK("https://worldoftanks.curseforge.com/projects/t57-nvidia-style-black","link")
Custom Tank Skins	----Light	
Custom Tank Skins	------M24 Chaffee	
Custom Tank Skins	--------Redbull	
Custom Tank Skins	------M5 Stuart	
Custom Tank Skins	--------Hot Wheels	
Custom Tank Skins	------M551 Sheridan	
Custom Tank Skins	--------Miruku Remodel	=HYPERLINK("https://wgmods.net/139/","link")
Custom Tank Skins	------T49	
Custom Tank Skins	--------"Iron Man" by PeNeTrAtOrX	=HYPERLINK("https://mods.curse.com/wot-skins/worldoftanks/267101-t49-iron-man","link")
Custom Tank Skins	--------Miruku Remodel	=HYPERLINK("https://wgmods.net/136/","link")
Custom Tank Skins	--------Star Wars Rey by Hellinger	=HYPERLINK("https://wgmods.net/476/","link")
Custom Tank Skins	----Medium	
Custom Tank Skins	------M4A3E2 Sherman Jumbo	
Custom Tank Skins	--------M4A3E2 Sherman Jumbo "Big Brother"	=HYPERLINK("https://mods.curse.com/wot-skins/worldoftanks/262225-m4a3e2-sherman-jumbo-big-brother","link")
Custom Tank Skins	------M60	
Custom Tank Skins	--------M-60 "Intel-Style"	
Custom Tank Skins	--------Miruku Remodel	=HYPERLINK("https://wgmods.net/1157/","link")
Custom Tank Skins	----Tank Destroyer	
Custom Tank Skins	------M18 Hellcat	=HYPERLINK("https://mods.curse.com/wot-skins/worldoftanks/267905-hellcat-baby-blue","link")
Custom Tank Skins	--------baby blue	=HYPERLINK("https://mods.curse.com/wot-skins/worldoftanks/267905-hellcat-baby-blue","link")
Custom Tank Skins	------T67	
Custom Tank Skins	--------Best friend	=HYPERLINK("https://mods.curse.com/wot-skins/worldoftanks/261860-t67-best-friend","link")
Custom Tank Skins	--------Brutal (Remodel)	=HYPERLINK("https://mods.curse.com/wot-skins/worldoftanks/255929-t67-remodeled-brutal-version-added","link")
Custom Tank Skins	USSR	
Custom Tank Skins	----Heavy	
Custom Tank Skins	------IS-3	
Custom Tank Skins	--------Luke Skywalker by Hellinger	=HYPERLINK("https://wgmods.net/476/","link")
Custom Tank Skins	--------"NVIDIA-Style black"	=HYPERLINK("https://mods.curse.com/wot-skins/worldoftanks/268291-is-3-nvidia-style-black","link")
Custom Tank Skins	--------CAMU	
Custom Tank Skins	--------EXPLOSIV	
Custom Tank Skins	------IS-M	
Custom Tank Skins	--------"Carbon"	=HYPERLINK("https://penetratorxmodshop.weebly.com/store/p117/IS-M_%22Carbon%22.html","link")
Custom Tank Skins	------KV-2	
Custom Tank Skins	--------Darth Vader by Hellinger	=HYPERLINK("https://wgmods.net/476/","link")
Custom Tank Skins	--------"Nvidia-Style black"	=HYPERLINK("https://penetratorxmodshop.weebly.com/store/c8/%22Nvidia-Style%22_Series.html","link")
Custom Tank Skins	--------SMASH by Nextron	=HYPERLINK("http://rykoszet.info/2017/06/02/kv-2-smash-skin-mod/","link")
Custom Tank Skins	------KV-5	
Custom Tank Skins	--------"Nvidia-Style black"	=HYPERLINK("https://penetratorxmodshop.weebly.com/store/c8/%22Nvidia-Style%22_Series.html","link")
Custom Tank Skins	----Light	
Custom Tank Skins	------MT25	
Custom Tank Skins	--------MT25 Remodeled by Penetratorx	=HYPERLINK("https://penetratorxmodshop.weebly.com/store/p4/MT-25.html","link")
Custom Tank Skins	------LTG	
Custom Tank Skins	--------LTG "Nvidia-Style black" v{version}	=HYPERLINK("https://penetratorxmodshop.weebly.com/store/p120/LTG__%22Nvidia-Style_Black%22.html","link")
Custom Tank Skins	----Medium	
Custom Tank Skins	------Object 140	
Custom Tank Skins	--------"NVIDIA-Style black"	=HYPERLINK("https://mods.curse.com/wot-skins/worldoftanks/267578-object-140-nvidia-style-black","link")
Custom Tank Skins	--------Miruku Remodel	=HYPERLINK("https://wgmods.net/135/","link")
Custom Tank Skins	------Object 416	
Custom Tank Skins	--------"Nvidia-Style" remodel	=HYPERLINK("https://worldoftanks.curseforge.com/projects/object-416-amd-radeon-style-remodel","link")
Custom Tank Skins	------Object 430	
Custom Tank Skins	--------Miruku Remodel	=HYPERLINK("https://wgmods.net/345/","link")
Custom Tank Skins	------Rudy	
Custom Tank Skins	--------Miruku Remodel	=HYPERLINK("https://wgmods.net/905/","link")
Custom Tank Skins	------T44-100	
Custom Tank Skins	--------"Granite" (Metallic) by PeNeTrAtOrX	=HYPERLINK("https://penetratorxmodshop.weebly.com/store/p91/T44-100_%22Granite%22.html","link")
Custom Tank Skins	------T-54	
Custom Tank Skins	--------Miruku Remodel	=HYPERLINK("https://wgmods.net/999/","link")
Custom Tank Skins	------T-62A	
Custom Tank Skins	--------Miruku Remodel	=HYPERLINK("https://wgmods.net/127/","link")
Custom Tank Skins	----Tank Destroyer	
Custom Tank Skins	------Object 263	
Custom Tank Skins	--------"Nvidia-Style black"	=HYPERLINK("https://penetratorxmodshop.weebly.com/store/c8/%22Nvidia-Style%22_Series.html","link")
Custom Tank Skins	------SU-101	
Custom Tank Skins	--------"NVIDIA-Style black"	=HYPERLINK("https://mods.curse.com/wot-skins/worldoftanks/266236-su-101-nvidia-style","link")
Custom Tank Skins	--------"NVIDIA-Style white"	=HYPERLINK("https://mods.curse.com/wot-skins/worldoftanks/266385-su-101-nvidia-style-white","link")
Custom Tank Skins	--------"Darkwing Duck"	=HYPERLINK("https://mods.curse.com/wot-skins/worldoftanks/264082-su-101-darkwing-duck-v1-4x","link")
Custom Tank Skins	------SU-122-44	
Custom Tank Skins	--------"NVIDIA-Style black"	=HYPERLINK("https://mods.curse.com/wot-skins/worldoftanks/267618-su-122-44-nvidia-style-black","link")
Custom Tank Skins	------SU85I	
Custom Tank Skins	--------"Dark Bronze" remodel	=HYPERLINK("https://worldoftanks.curseforge.com/projects/su-85i-dark-bronze-remodel","link")
Custom Tank Skins	--------"Nvidia-Style black"	
Custom Tank Skins	--------"Nvidia-Style white"	
Custom Tank Skins	------SU-122-54	
Custom Tank Skins	--------SU-122-54 "Nvidia-Style white"	=HYPERLINK("https://penetratorxmodshop.weebly.com/store/c8/%22Nvidia-Style%22_Series.html","link")
